location_id,latitude,longitude,geoid_cb,county_fips
37728629,35.912076,-79.326325,370010219021004,37001
38051972,35.911978,-79.466845,370010218022023,37001
37672517,36.18379,-79.327725,370010213002011,37001
37672685,36.180589,-79.467749,370010215003003,37001
37930463,36.045833,-79.323505,370010212042009,37001
37655550,36.045157,-79.469348,370010207024018,37001
42310880,35.844192,-81.286352,370030407001002,37003
42137325,35.975743,-81.060553,370030401003048,37003
42309915,35.977263,-81.287591,370030402003060,37003
42313041,35.975589,-81.173536,370030402001041,37003
42309969,35.844191,-81.175583,370030406004009,37003
25722108,35.844538,-81.061353,370030405004022,37003
4405353,36.416731,-80.963277,370059501004000,37005
42273798,36.523167,-81.130375,370059502001014,37005
42258475,36.52633,-81.277999,370059503002006,37005
42157165,36.415352,-81.266338,370059503003079,37005
42097202,36.525607,-80.979417,370059501002018,37005
42272376,36.428277,-81.134219,370059503003016,37005
40084878,35.098024,-79.962688,370079201001004,37007
40084900,35.006371,-79.9844,370079201001035,37007
188998152,35.005394,-80.206231,370079203012037,37007
40263189,34.880342,-80.204347,370079206001042,37007
40272471,35.140687,-80.205128,370079203011019,37007
123523950,34.871086,-79.978851,370079206003027,37007
42334494,36.33641,-81.490238,370099707021027,37009
193013152,36.362644,-81.34347,370099708011030,37009
42083607,36.503224,-81.654976,370099703001026,37009
42085695,36.503423,-81.326954,370099708022003,37009
42317012,36.361458,-81.662266,370099703002029,37009
42156299,36.504011,-81.492555,370099702002004,37009
42226992,35.989928,-81.863016,370119302002072,37011
178242578,36.104894,-81.986065,370119303022026,37011
42013755,36.182229,-81.846053,370119301001008,37011
42227600,35.985576,-81.986097,370119304003020,37011
178487574,36.203587,-81.972706,370119303021000,37011
177859789,36.106993,-81.834629,370119302001076,37011
39558164,35.607461,-77.064825,370139302003015,37013
39346969,35.356236,-76.827994,370139308001066,37013
39490970,35.607744,-76.602986,370139301012000,37013
39715333,35.609825,-76.824313,370139301011042,37013
39366961,35.401699,-77.077871,370139309001033,37013
178822193,35.334278,-76.625357,370139308001006,37013
39731146,35.954771,-76.791484,370159604022079,37015
39729978,35.98033,-77.139101,370159603003051,37015
39732036,35.947436,-76.993252,370159603003058,37015
178724179,36.149224,-76.988459,370159602002035,37015
39649036,36.150335,-76.796293,370159601002021,37015
39438624,36.150022,-77.178797,370159603001057,37015
41117361,34.741824,-78.552269,370179501012042,37017
41343524,34.730519,-78.779227,370179503022034,37017
41052298,34.490901,-78.784239,370179505023020,37017
41527912,34.681942,-78.34797,370179501011042,37017
41508336,34.487662,-78.537826,370179506011039,37017
41535374,34.469203,-78.295777,370179501021027,37017
41510761,34.235901,-78.240821,370190206023000,37019
177903749,33.973369,-78.292409,370190204041030,37019
178205370,34.159111,-78.506786,370190206013014,37019
41591158,33.962073,-78.053151,370190202042090,37019
186904207,34.2272145,-78.06322,370190201061022,37019
41472383,33.971883,-78.525569,370190205052023,37019
42373884,35.697551,-82.329359,370210031081000,37021
42670875,35.716147,-82.52748,370210027042000,37021
42537987,35.706805,-82.751326,370210026041014,37021
178258552,35.525471,-82.291095,370210032051007,37021
37293987,35.527398,-82.756643,370210024012001,37021
42725296,35.524758,-82.524881,370210021023019,37021
41996015,35.66778,-81.462941,370230212032013,37023
115694057,35.668097,-81.655632,370230213013027,37023
4435827,35.878737,-81.847729,370230202031088,37023
42210584,35.668348,-81.847341,370230203011016,37023
42223266,35.860921,-81.672248,370230201002008,37023
177900782,35.7815,-81.465635,370230210001008,37023
40246635,35.427205,-80.384032,370250417012019,37025
40152210,35.272007,-80.542173,370250416042000,37025
40106661,35.29493,-80.432854,370250416022043,37025
39821996,35.427305,-80.543152,370250406003015,37025
40625792,35.279734,-80.670677,370250415061016,37025
39845791,35.427865,-80.703311,370250413052000,37025
42145056,35.819533,-81.442649,370270314031028,37027
177856216,35.93719,-81.667361,370270309001071,37027
42168339,36.060695,-81.442673,370270310003001,37027
42216837,35.851502,-81.646938,370270309003042,37027
42177052,36.061501,-81.648251,370270310001025,37027
70411224,35.940662,-81.443698,370270312012017,37027
39645691,36.38374,-76.253891,370299501012039,37029
39722265,36.233834,-76.05167,370299501023011,37029
39721625,36.34224,-76.064465,370299501023004,37029
188994021,36.488896,-76.283131,370299501011051,37029
41891778,34.833524,-76.883472,370319707021000,37031
195556397,34.736872,-76.713334,370319705041005,37031
178115773,34.715745,-76.993131,370319708041000,37031
46205799,34.956142,-76.671598,370319701022009,37031
100879944,34.88761,-76.397355,370319701011012,37031
178104605,34.787917,-76.463684,370319701021022,37031
37960726,36.320076,-79.203892,370339306004016,37033
37994467,36.312509,-79.464741,370339305001018,37033
194763501,36.464495,-79.462574,370339304001000,37033
38121525,36.315654,-79.333716,370339306003010,37033
34158981,36.46707,-79.204419,370339301002023,37033
37631385,36.465154,-79.334736,370339302002013,37033
42268301,35.618164,-81.024679,370350115012034,37035
42080301,35.754135,-81.225938,370350102032010,37035
41971259,35.729334,-81.393037,370350106004026,37035
40386673,35.617404,-81.421375,370350118022024,37035
42241091,35.616494,-81.225954,370350117023002,37035
42059098,35.709199,-81.029079,370350115031003,37035
177857705,35.600481,-79.0075,370370207024024,37037
178910476,35.785543,-79.230907,370370202021032,37037
38002890,35.603359,-79.229803,370370206001009,37037
38047623,35.78296,-79.445027,370370202011089,37037
38049272,35.605958,-79.447042,370370205004041,37037
38519186,35.781194,-79.013128,370370207021069,37037
42786711,35.18485,-83.807302,370399301021044,37039
42805328,35.185957,-84.214347,370399303002043,37039
42803555,35.049233,-84.215389,370399306061019,37039
195587013,35.112264,-83.88959,370399304011000,37039
42806918,35.18287,-84.010966,370399303001000,37039
42806185,35.053503,-84.011468,370399305012034,37039
39725683,36.289988,-76.641133,370419302011013,37041
39661382,36.064712,-76.487379,370419301022005,37041
39660250,36.177731,-76.639472,370419302014013,37041
39656904,36.061242,-76.644027,370419301011010,37041
39642598,36.324836,-76.564155,370419302011001,37041
42791882,35.101344,-83.623341,370439501022006,37043
42788741,35.024459,-83.94946,370439502021034,37043
178692949,35.022477,-83.632256,370439501012012,37043
42791506,35.024956,-83.737115,370439501011034,37043
42793334,35.026904,-83.843639,370439502011011,37043
42794842,35.097014,-83.735772,370439501021000,37043
42807737,35.068899,-83.932594,370439502021010,37043
42794383,35.09372,-83.85904,370439501021017,37043
177975012,35.368676,-81.432453,370459503011014,37045
178398871,35.469724,-81.480903,370459501012027,37045
39782454,35.501916,-81.654161,370459501014026,37045
173663881,35.231591,-81.653861,370459515032011,37045
40343255,35.367054,-81.653916,370459501022063,37045
173455885,35.231459,-81.431722,370459506013021,37045
41559098,34.094714,-78.61879,370479313011012,37047
41604411,34.135258,-78.87542,370479312011045,37047
41501209,34.353229,-78.908278,370479305001038,37047
41650179,34.35396,-78.613925,370479304002008,37047
190718403,34.194773,-78.374556,370479302001178,37047
41560522,34.358835,-78.312123,370479301002033,37047
4308355,35.006637,-77.046156,370499610043022,37049
41730267,35.267459,-77.322231,370499603021029,37049
41731122,35.255875,-77.046323,370499602021061,37049
41752029,34.938482,-76.813582,370499613032014,37049
41883790,35.096887,-77.219614,370499603012047,37049
40940574,34.941893,-78.79848,370510030021001,37051
178448635,35.158868,-78.801772,370510026002000,37051
41237671,34.943157,-78.992913,370510031033025,37051
41049386,34.942385,-78.60809,370510029003009,37051
40952303,35.155738,-78.990755,370510034091020,37051
178424066,35.163947,-78.632633,370510027011040,37051
178484100,36.311754,-75.897359,370531104013009,37053
39678449,36.171124,-75.870464,370531104041005,37053
39721528,36.363128,-76.114631,370531103022024,37053
39704189,36.472565,-76.130763,370531102011030,37053
178342127,36.489031,-75.907587,370531101021017,37053
39696714,35.96025,-75.827153,370559705011025,37055
196802616,35.6987,-75.495241,370559705021006,37055
178251420,36.024968,-75.661915,370559703022000,37055
178884334,35.7648,-75.87582,370559705011255,37055
193669787,35.351929,-75.513466,370559705021115,37055
37690899,35.587721,-80.152962,370570620024067,37057
37917947,35.767331,-80.368138,370570617032016,37057
37888368,35.651288,-80.295523,370570618072010,37057
37558915,35.939993,-80.153014,370570602012022,37057
2792714,35.939797,-80.368195,370570603032002,37057
70507974,35.7665,-80.151113,370570619022008,37057
37300162,36.01022,-80.456107,370590802002003,37059
37377169,35.808741,-80.472466,370590807013012,37059
37376203,36.009876,-80.623518,370590801011037,37059
37297698,35.912394,-80.45513,370590804004014,37059
2814017,35.838053,-80.617357,370590801022067,37059
37379858,35.911084,-80.622086,370590801021014,37059
178338838,34.949959,-78.060967,370610904012016,37061
41692691,35.114695,-77.785562,370610901011005,37061
41721652,34.953374,-77.789471,370610905032002,37061
41605472,34.791943,-78.059224,370610908031021,37061
41725648,34.790012,-77.785089,370610906003020,37061
41224037,35.111698,-78.054059,370610902012000,37061
173552845,35.926686,-78.784637,370630019003001,37063
38328251,36.171361,-78.811956,370630021004020,37063
178028627,36.175388,-78.933803,370630021001000,37063
39199501,36.053571,-78.783735,370630018013011,37063
39295582,35.926717,-78.935463,370630020241000,37063
196167489,36.052589,-78.936126,370630017122001,37063
39312671,35.911818,-77.707351,370650213001013,37065
178068037,36.030954,-77.476259,370650208001000,37065
39545413,35.910962,-77.467681,370650208002009,37065
39447600,35.753367,-77.708879,370650215003014,37065
39353474,36.060563,-77.709795,370650206001000,37065
39545919,35.784598,-77.492957,370650208003060,37065
37851534,36.046946,-80.115218,370670034022001,37067
37303703,36.190079,-80.114998,370670031052002,37067
37428649,36.188903,-80.435944,370670041021010,37067
37580002,36.045737,-80.274535,370670037024002,37067
37501836,36.189386,-80.274674,370670028061004,37067
37317754,36.045699,-80.433538,370670040072024,37067
173464623,35.94278,-78.399178,370690606011011,37069
178759942,36.049878,-78.410125,370690605022019,37069
38687861,36.188605,-78.400085,370690601001008,37069
38715888,36.191332,-78.144333,370690602001010,37069
38716347,36.050316,-78.144842,370690607022009,37069
39533055,35.923422,-78.19208,370690608011019,37069
40375628,35.350613,-81.014816,370710301031014,37071
40070138,35.215041,-81.323896,370710317061031,37071
39964933,35.219394,-81.18979,370710332021020,37071
190716594,35.352389,-81.189899,370710303013037,37071
39786896,35.351378,-81.367583,370710307002020,37071
39763433,35.218042,-81.015065,370710324051018,37071
39664624,36.500345,-76.871157,370739703001022,37073
39665245,36.498122,-76.729097,370739702002001,37073
39663139,36.390176,-76.848475,370739703003034,37073
39666893,36.376143,-76.730399,370739701004012,37073
39677904,36.369765,-76.596868,370739701003038,37073
39651963,36.49106,-76.598386,370739701002012,37073
34909709,35.288235,-83.936854,370759203001020,37075
42608153,35.285168,-83.79388,370759203004015,37075
194551783,35.38029,-83.88646,370759201001108,37075
42349424,35.388805,-83.655902,370759201002002,37075
42607012,35.393631,-83.797687,370759201001092,37075
193015494,35.280057,-83.686569,370759202002002,37075
38756647,36.281518,-78.713408,370779707012024,37077
38756955,36.453859,-78.540162,370779701013011,37077
38529811,36.113114,-78.542048,370779706012007,37077
38758612,36.28252,-78.537602,370779705001007,37077
38515086,36.108473,-78.7152,370779706071020,37077
38759531,36.450787,-78.716962,370779701011063,37077
41758348,35.400625,-77.571274,370799503013038,37079
41921178,35.491652,-77.567993,370799501021019,37079
41922870,35.400194,-77.744928,370799502003028,37079
39384883,35.55647,-77.589838,370799501023000,37079
39549598,35.596069,-77.739951,370799501011006,37079
195859118,35.497376,-77.74309,370799502001036,37079
178506942,36.167333,-79.960593,370810160032005,37081
37739159,35.989816,-79.961082,370810144122004,37081
37827238,35.98943,-79.617929,370810170003025,37081
38304360,36.167326,-79.791797,370810157061015,37081
94248090,35.989323,-79.788831,370810168002069,37081
37717776,36.16846,-79.618413,370810154013007,37081
39429203,36.384853,-77.641842,370839301004043,37083
186773552,36.124707,-77.404033,370839311022020,37083
178096314,36.387494,-77.878755,370839307011011,37083
39377446,36.156782,-77.879721,370839308004032,37083
39378814,36.147141,-77.621798,370839309022003,37083
39428540,36.301095,-77.480819,370839310002000,37083
192858452,35.482673,-78.650827,370850704021000,37085
41063294,35.296808,-79.106877,370850714011048,37085
178257026,35.436733,-79.053792,370850711023006,37085
178665492,35.487884,-78.876639,370850710033003,37085
41056912,35.296004,-78.877331,370850712011025,37085
41104419,35.294084,-78.649238,370850705004000,37085
42664055,35.430948,-83.066098,370879212021055,37087
194578737,35.66041,-82.875225,370879201022006,37087
42429278,35.432144,-82.867541,370879213023076,37087
42646134,35.678043,-83.040184,370879201011033,37087
42646461,35.55899,-83.065853,370879201014007,37087
42441120,35.558483,-82.866393,370879202011007,37087
42690155,35.433346,-82.362942,370899301001021,37089
177955015,35.320506,-82.363007,370899302012020,37089
70673073,35.322344,-82.55785,370899319011020,37089
195072354,35.211753,-82.551803,370899319021015,37089
195316771,35.434591,-82.561701,370899307011004,37089
42612983,35.210858,-82.363042,370899320003041,37089
39451073,36.460299,-77.125661,370919501022001,37091
39368095,36.444441,-76.964545,370919501021008,37091
39669905,36.313283,-76.793375,370919502011006,37091
39345160,36.305579,-77.116325,370919503002002,37091
39637651,36.316937,-76.953709,370919502022034,37091
41261173,35.036133,-79.233587,370939701043007,37093
41267619,34.925095,-79.350404,370939702022047,37093
3829956,35.044953,-79.382418,370939702011000,37093
41281875,34.907375,-79.244863,370939704023019,37093
41185580,34.906475,-79.106739,370939704011079,37093
178572913,35.042568,-79.104912,370939701051001,37093
39524953,35.425186,-76.474757,370959201022146,37095
39356643,35.597453,-76.468898,370959201023061,37095
39381236,35.569305,-76.127685,370959201012036,37095
178658731,35.407439,-76.094136,370959201011067,37095
192998098,35.115503,-75.988028,370959201013002,37095
40194822,35.589258,-80.797477,370970615012027,37097
42114039,35.965918,-81.003893,370970609011072,37097
42113254,35.775715,-80.798819,370970606032001,37097
42115756,35.777015,-81.003721,370970611021014,37097
42131916,35.969408,-80.79524,370970608013022,37097
40217293,35.570226,-80.953516,370970614012001,37097
42455960,35.159462,-83.220942,370999508002023,37099
42438508,35.442897,-83.247504,370999402004035,37099
177957692,35.275124,-83.030561,370999507002064,37099
178405698,35.27633,-83.241401,370999505001043,37099
42615462,35.11587,-83.029679,370999509001092,37099
4494137,35.428877,-83.077467,370999502001004,37099
38523863,35.33941,-78.229705,371010413013015,37101
38336138,35.355962,-78.546316,371010414024005,37101
46661839,35.717622,-78.229045,371010402041002,37101
38503230,35.666063,-78.51905,371010411103000,37101
38333889,35.532821,-78.546411,371010415044000,37101
38791076,35.531259,-78.228763,371010404002005,37101
41834178,34.900712,-77.212623,371039201002012,37103
41901279,34.977416,-77.666952,371039203003054,37103
41687036,35.081668,-77.589014,371039203003003,37103
178795403,35.130745,-77.418909,371039203001045,37103
41874432,35.089601,-77.227436,371039202001068,37103
41832784,34.932323,-77.364726,371039202002096,37103
38003246,35.563375,-79.240066,371050306012004,37105
178763515,35.362091,-79.261178,371050305051011,37105
38004328,35.465804,-79.262167,371050306021031,37105
38028731,35.388076,-79.103297,371050305072009,37105
194698914,35.571999,-79.067436,371050307042029,37105
38340253,35.46538,-79.068645,371050307021044,37105
41903873,35.085169,-77.731062,371070112021034,37107
41676950,35.221197,-77.525153,371070114002032,37107
41829245,35.363109,-77.725988,371070110021006,37107
178059327,35.352879,-77.523903,371070101003005,37107
41686235,35.12929,-77.551595,371070114004020,37107
41825641,35.22257,-77.736422,371070110011062,37107
197251539,35.527886,-81.171912,371090709012005,37109
40384115,35.525991,-81.318893,371090707001005,37109
197290830,35.525802,-81.027887,371090711012018,37109
40385928,35.525816,-81.46306,371090706003021,37109
40035178,35.444005,-81.170986,371090710014011,37109
40080778,35.442441,-81.463722,371090705003038,37109
39872127,35.443354,-81.318204,371090704002010,37109
197431752,35.443663,-81.025412,371090711023005,37109
195885546,35.742293,-81.944812,371119702001001,37111
42562595,35.59961,-81.950638,371119709032015,37111
42595766,35.599652,-82.169656,371119708002048,37111
42556167,35.746126,-82.167916,371119707002000,37111
42558300,35.835037,-82.10164,371119701011020,37111
42556329,35.883614,-81.945728,371119701021061,37111
42638964,35.239609,-83.61317,371139702002019,37113
42501453,35.082587,-83.584187,371139702003081,37113
42496814,35.237927,-83.423734,371139702001020,37113
42597181,35.075358,-83.421918,371139707004004,37113
196545719,35.236717,-83.229608,371139704002000,37113
42521715,35.071974,-83.233838,371139705012061,37113
195732187,35.941353,-82.690221,371150101002014,37115
42674779,35.799513,-82.519604,371150106022063,37115
178064991,35.941487,-82.513314,371150101001023,37115
42569701,35.770626,-82.691552,371150105003032,37115
42525867,35.770073,-82.871728,371150102002051,37115
42526342,35.931113,-82.885611,371150102001018,37115
39519173,35.797005,-77.285809,371179706003040,37117
39575428,35.763082,-77.089232,371179705005010,37117
186771087,35.958484,-77.293914,371179704002028,37117
39436757,35.76806,-76.886931,371179701003013,37117
39577891,35.917396,-77.106417,371179704001000,37117
178758971,35.260894,-80.678432,371190056181013,37119
40818299,35.104883,-80.928047,371199802001045,37119
40593849,35.259831,-80.930555,371190043031006,37119
40015095,35.426866,-80.930485,371190062221003,37119
39997963,35.413998,-80.753665,371190063051014,37119
40135060,35.103389,-80.682357,371190058351005,37119
42517034,36.094317,-82.264804,371219501002012,37121
42516652,35.995007,-82.257756,371219501002069,37121
194999923,35.880501,-82.072603,371219504002021,37121
42363145,36.07926,-82.080396,371219502001000,37121
42364124,36.000952,-82.0792,371219502003000,37121
42362306,35.932747,-82.170623,371219502003050,37121
194329041,35.232973,-80.058418,371239604022030,37123
38106367,35.418076,-79.895012,371239602023004,37123
38060126,35.411818,-79.742744,371239601011048,37123
37817433,35.24063,-79.714509,371239605012006,37123
40253153,35.432688,-80.06749,371239603022025,37123
37939234,35.23914,-79.885702,371239605022035,37123
194696027,35.404497,-79.44447,371259501002039,37125
37817177,35.184819,-79.634511,371259503061081,37125
41347267,35.200643,-79.214536,371259505041081,37125
195960306,35.376241,-79.278505,371259505031000,37125
25635879,35.166744,-79.441967,371259507022031,37125
177967552,35.394626,-79.66252,371259502023025,37125
39329015,35.96922,-77.84017,371270105061001,37127
39363087,36.095177,-78.078501,371270109002007,37127
173574466,35.969861,-78.11167,371270110001011,37127
39570124,36.12216,-77.838994,371270108011009,37127
39373559,35.844842,-77.844325,371270112011050,37127
188987888,35.814872,-78.112815,371270114002009,37127
41467728,34.163884,-77.931487,371290121113005,37129
41665055,34.187553,-77.81059,371290118001012,37129
178016752,34.031261,-77.910554,371290122021013,37129
41495916,34.303608,-77.931216,371290115032092,37129
41444281,34.302516,-77.789462,371290116121002,37129
39391442,36.462151,-77.598374,371319203011015,37131
39393385,36.502681,-77.783326,371319204013002,37131
178339504,36.302568,-77.391599,371319203032011,37131
39612129,36.299909,-77.196117,371319202022046,37131
39525599,36.461613,-77.389558,371319201012028,37131
39434966,36.332437,-77.56525,371319203012033,37131
39491459,36.465465,-77.191035,371319201031053,37131
178103539,34.52383,-77.543932,371330004011041,37133
41763049,34.711147,-77.256855,371330025002018,37133
41577988,34.526833,-77.343944,371330004031015,37133
196182830,34.889072,-77.253783,371330001031028,37133
41790159,34.710496,-77.537251,371330003051019,37133
41912176,34.891894,-77.542587,371330002072048,37133
39222309,36.05037975,-79.028873,371350109043006,37135
38445246,35.924356,-79.187723,371350112112020,37135
38770717,36.179145,-79.03086,371350108025008,37135
194403558,36.177193,-79.188636,371350108041047,37135
38405953,35.924925,-79.031094,371350115001018,37135
37694311,36.051599,-79.187684,371350111072020,37135
70876489,35.075195,-76.598053,371379502023040,37137
41733219,35.056992,-76.906165,371379501011023,37137
177974765,35.18756,-76.725443,371379501041007,37137
193021908,35.046416,-76.744001,371379502041037,37137
41732818,35.180845,-76.852636,371379501013029,37137
41940305,35.247048,-76.582615,371379501042039,37137
39626429,36.179963,-76.170109,371399607023013,37139
39628982,36.235315,-76.314405,371399606003015,37139
39625594,36.295036,-76.374376,371399605032041,37139
39615211,36.352189,-76.229473,371399605012003,37139
39622834,36.286686,-76.190084,371399607013004,37139
39626964,36.405393,-76.370953,371399605032004,37139
41563672,34.407496,-77.887464,371419206021033,37141
173685670,34.408334,-77.641393,371419202011005,37141
41534576,34.617565,-78.134085,371419205011013,37141
41557373,34.636837,-77.643078,371419202042052,37141
41508892,34.409852,-78.131041,371419205021082,37141
41483453,34.618396,-77.887787,371419203001059,37141
39674746,36.238532,-76.320646,371439201021000,37143
39675171,36.156185,-76.386679,371439201022023,37143
39674680,36.147246,-76.261955,371439201023002,37143
46433611,36.14198,-76.523977,371439202011027,37143
39674479,36.290054,-76.397486,371439201011033,37143
178828521,36.289478,-76.527368,371439201011021,37143
38784224,36.386809,-79.06056,371459202003047,37145
178782201,36.286967,-79.06263,371459206021014,37145
178620210,36.287192,-78.88349,371459205003037,37145
38040989,36.488858,-79.062841,371459202002050,37145
38785094,36.388395,-78.885286,371459201004040,37145
38781600,36.495749,-78.88775,371459201001014,37145
41736171,35.430774,-77.47622,371470016012032,37147
39385041,35.588616,-77.536407,371470016021014,37147
39447904,35.744156,-77.539927,371470019003001,37147
39536595,35.746471,-77.24024,371470020025002,37147
39426214,35.418182,-77.240785,371470012002002,37147
39425664,35.584956,-77.240481,371470010023002,37147
42580067,35.3547,-82.286373,371499202013004,37149
42643841,35.242884,-82.028124,371499201012008,37149
42579500,35.352542,-82.156842,371499202022024,37149
178146125,35.243162,-82.293856,371499203031040,37149
42447606,35.243023,-82.161028,371499201041005,37149
40291420,35.327313,-82.04759,371499202021023,37149
38058406,35.817259,-79.627848,371510310021003,37151
37615151,35.610556,-79.972293,371510307001037,37151
37963863,35.615122,-79.621359,371510309001033,37151
37614271,35.610075,-79.802004,371510308041018,37151
38100756,35.813943,-79.978655,371510305043001,37151
37967724,35.816738,-79.802829,371510314012022,37151
41144116,34.904887,-79.589313,371539711001020,37153
41121631,35.085498,-79.767646,371539702001084,37153
37817370,35.090026,-79.595178,371539701001013,37153
37940599,35.118237,-79.917706,371539702002048,37153
41294972,34.84111,-79.905792,371539708005009,37153
41291233,34.899933,-79.766022,371539708003000,37153
41188972,34.643078,-78.989654,371559613022013,37155
41131818,34.465797,-79.264308,371559619002024,37155
41215818,34.836863,-79.296319,371559604031011,37155
41304184,34.64318,-79.301543,371559620022053,37155
41233125,34.439875,-78.991389,371559616023023,37155
41311206,34.847715,-78.992211,371559601021010,37155
37990285,36.317731,-79.600531,371570413001021,37157
34173538,36.46702,-79.774709,371570411006001,37157
37993683,36.317129,-79.773356,371570416022022,37157
37425014,36.470528,-79.946565,371570406023023,37157
38002179,36.465737,-79.600015,371570401012024,37157
37364377,36.316195,-79.947553,371570410012018,37157
37322964,35.763715,-80.676817,371590519041036,37159
193002291,35.591079,-80.294128,371590509042015,37159
39796284,35.590603,-80.676289,371590518022025,37159
40303731,35.759244,-80.488534,371590513022003,37159
178815422,35.718056,-80.338761,371590509011004,37159
40320497,35.588791,-80.484971,371590511011013,37159
39780269,35.467054,-81.791662,371619601031007,37161
40290929,35.37054,-82.105652,371619602031039,37161
46600068,35.463641,-82.178463,371619603012056,37161
40381842,35.46525,-81.982183,371619602012016,37161
40285441,35.272888,-81.980506,371619604004008,37161
40190630,35.275895,-81.789925,371619611041079,37161
196321294,34.783106,-78.429918,371639709002010,37163
41133519,35.185754,-78.253428,371639701022020,37163
178026445,35.187121,-78.529963,371639703032008,37163
41528456,34.687844,-78.262689,371639710031010,37163
41074911,34.939356,-78.260285,371639708023017,37163
41301293,34.93882,-78.532062,371639704023041,37163
41212990,34.931385,-79.569117,371650106021008,37165
41168149,34.722415,-79.572815,371650105011073,37165
41165859,34.831979,-79.602825,371650105023026,37165
41219369,34.702218,-79.421294,371650104002002,37165
41351064,34.957165,-79.426327,371650106022036,37165
195784626,34.836296,-79.428075,371650106011002,37165
187290159,35.385911,-80.371925,371679301013057,37167
40251753,35.414299,-80.289059,371679301013036,37167
40252161,35.417703,-80.141767,371679301023039,37167
40259892,35.242453,-80.284294,371679309011000,37167
40257689,35.238614999999996,-80.13878,371679311012012,37167
40367448,35.240548,-80.430703,371679308022022,37167
37440240,36.475069,-80.381354,371690703012048,37169
177832741,36.330146,-80.239329,371690706003014,37169
37346652,36.330926,-80.381525,371690704003002,37169
37421231,36.47584,-80.098036,371690701022014,37169
177892376,36.329227,-80.094394,371690701012024,37169
37325393,36.474366,-80.240033,371690702001015,37169
192989338,36.317559,-80.696085,371719310032019,37171
37395355,36.481168,-80.695592,371719307004002,37171
178031600,36.494518,-80.853888,371719308033031,37171
42275857,36.319424,-80.864018,371719309011002,37171
37415346,36.31836,-80.525152,371719311031008,37171
70998047,36.483751,-80.527723,371719301021011,37171
178371706,35.453805,-83.573212,371739802001034,37173
42438592,35.52263,-83.305789,371739401001039,37173
4493874,35.468305,-83.904919,371739802001043,37173
177858579,35.369349,-83.340097,371739603021046,37173
196861104,35.367418,-83.570772,371739603012034,37173
42610992,35.112707,-82.811104,371759605011011,37175
101885609,35.224518,-82.930578,371759605021023,37175
42601937,35.244757,-82.801336,371759602011005,37175
42615142,35.11433,-82.958739,371759606021042,37175
83733732,35.128501,-82.665314,371759604031030,37175
42602303,35.259119,-82.661983,371759604011018,37175
39381035,35.662951,-76.241005,371779601003160,37177
39650547,35.919765,-76.127331,371779601001004,37177
39653882,35.821424,-76.343738,371779601003088,37177
177869708,35.923698,-76.317425,371779601004007,37177
39651090,35.812804,-76.142445,371779601003125,37177
39651179,35.70731,-76.139082,371779601003138,37177
40028363,35.10722,-80.558026,371790202052003,37179
177968735,34.911671,-80.745165,371790210141035,37179
40189233,34.912537,-80.559961,371790209021001,37179
40141635,35.073119,-80.719541,371790203143005,37179
40113377,35.107522,-80.375001,371790201002015,37179
40114094,34.918092,-80.379323,371790208005030,37179
38687363,36.225108,-78.451585,371819610002014,37181
38658463,36.237354,-78.336066,371819609012007,37181
38723744,36.482663,-78.335876,371819601001022,37181
38659096,36.356167,-78.336699,371819601003047,37181
38657606,36.357211,-78.454506,371819603002007,37181
38652559,36.472019,-78.453823,371819602001014,37181
39072383,35.936931,-78.619783,371830538062000,37183
39123331,35.909246,-78.812434,371830536141000,37183
38578031,35.65993,-78.619857,371830529031012,37183
38843980,35.730306,-78.413783,371830544023070,37183
38663730,35.660775,-78.858761,371830532081077,37183
38862594,35.934926,-78.380804,371830542142020,37183
38747658,36.484835,-78.215226,371859502013018,37185
38840151,36.263948,-78.211396,371859504001033,37185
38838456,36.268074,-78.003102,371859501032020,37185
39443627,36.488174,-78.003333,371859501021043,37185
38839707,36.376023,-78.212013,371859503003033,37185
178071298,36.369492,-78.002238,371859501031029,37185
39715422,35.7645,-76.742497,371879502023000,37187
39720960,35.790424,-76.597408,371879503001067,37187
39720356,35.90582,-76.595072,371879501004024,37187
39654125,35.800399,-76.426365,371879503001007,37187
39712986,35.89286,-76.729468,371879502011007,37187
39653824,35.898095,-76.441761,371879501003033,37187
42086298,36.187369,-81.534006,371899207021041,37189
42317703,36.320425,-81.686766,371899201001043,37189
42117067,36.271121,-81.544532,371899207011035,37189
25715779,36.181415,-81.835591,371899209001033,37189
42330526,36.317946,-81.834057,371899202002008,37189
42032343,36.183411,-81.684619,371899206021025,37189
173725287,35.232396,-77.930865,371910006042003,37191
71009269,35.229965,-78.173961,371910010001023,37191
39390428,35.522091,-77.929279,371910002002001,37191
194391610,35.487239,-78.117331,371910001041014,37191
38763173,35.373098,-78.153843,371910011031019,37191
58581173,35.37780266666667,-77.92800166666667,371910003023026,37191
42252137,36.121258,-80.978931,371939612011018,37193
42098576,36.110485,-81.431197,371939609021046,37193
178055952,36.325137,-81.208663,371939604012019,37193
178859547,36.329739,-80.98259,371939602002033,37193
42343274,36.120143,-81.207206,371939610013015,37193
42337365,36.292196,-81.410183,371939609012005,37193
39597522,35.65803,-77.93065,371950009001064,37195
39610381,35.793576,-77.930717,371950014012022,37195
39535708,35.653007,-77.755927,371950011001033,37195
39529334,35.766649,-78.091704,371950015012008,37195
39374324,35.792611,-77.762377,371950013023012,37195
178881422,35.655477,-78.103158,371950016002022,37195
178063451,36.106772,-80.658298,371970505032039,37197
37332173,36.224728,-80.510536,371970501011018,37197
37305690,36.226819,-80.658231,371970502003000,37197
177979439,36.22615,-80.806933,371970503005016,37197
37450102,36.110375,-80.515163,371970501012036,37197
37339121,36.106596,-80.806167,371970504013000,37197
190723794,35.805146,-82.218492,371999601011016,37199
195321476,35.908591,-82.414953,371999604001020,37199
42517190,36.012869,-82.229576,371999601021006,37199
109224476,36.016107,-82.409494,371999604002011,37199
42402077,35.909895,-82.232425,371999601011006,37199
42402637,35.832969,-82.407752,371999604001036,37199
