idx,location_id,county_fips,lat,lon,feasible,failure_mode,risk_score,risk_tier,dominant,slope_deg,canopy_max_m,building_count,elapsed_s
1,37728629,37001,35.912076,-79.326325,True,feasible,0.0,low,clear,0.4,13.0,0,14.6
2,38051972,37001,35.911978,-79.466845,False,mixed,89.8,critical,vegetation,6.4,28.0,0,9.6
3,37672517,37001,36.18379,-79.327725,True,feasible,0.0,low,clear,1.9,19.0,3,11.4
4,37672685,37001,36.180589,-79.467749,False,mixed,56.4,high,vegetation,2.2,22.0,2,8.1
5,37930463,37001,36.045833,-79.323505,True,feasible,0.0,low,clear,0.6,20.0,7,1.9
6,37655550,37001,36.045157,-79.469348,False,mixed,85.1,critical,vegetation,3.2,21.0,8,7.5
7,42310880,37003,35.844192,-81.286352,False,mixed,89.5,critical,vegetation,3.3,28.0,3,10.9
8,42137325,37003,35.975743,-81.060553,False,mixed,84.8,critical,vegetation,5.2,23.0,3,8.6
9,42309915,37003,35.977263,-81.287591,False,mixed,90.5,critical,vegetation,17.0,24.0,0,9.3
10,42313041,37003,35.975589,-81.173536,False,mixed,90.8,critical,vegetation,9.1,23.0,3,11.5
11,42309969,37003,35.844191,-81.175583,True,feasible,0.0,low,clear,5.3,26.0,4,3.8
12,25722108,37003,35.844538,-81.061353,True,feasible,0.0,low,clear,2.0,22.0,3,6.9
13,4405353,37005,36.416731,-80.963277,False,local_terrain,0.0,low,clear,28.3,25.0,11,13.1
14,42273798,37005,36.523167,-81.130375,False,mixed,90.0,critical,vegetation,10.5,23.0,0,14.4
15,42258475,37005,36.52633,-81.277999,False,local_building,10.3,low,building,4.1,24.0,2,11.1
16,42157165,37005,36.415352,-81.266338,True,feasible,0.0,low,clear,3.5,25.0,2,7.2
17,42097202,37005,36.525607,-80.979417,False,local_building,69.2,high,building,3.4,16.0,4,9.0
18,42272376,37005,36.428277,-81.134219,True,feasible,0.0,low,clear,4.6,27.0,2,11.0
19,40084878,37007,35.098024,-79.962688,False,roof_unusable,0.0,low,clear,1.2,9.0,3,2.4
20,40084900,37007,35.006371,-79.9844,False,local_building,60.3,high,building,2.1,10.0,6,1.7
21,188998152,37007,35.005394,-80.206231,False,roof_unusable,0.0,low,clear,4.2,23.0,5,2.2
22,40263189,37007,34.880342,-80.204347,False,mixed,40.0,moderate,vegetation,1.6,24.0,1,2.7
23,40272471,37007,35.140687,-80.205128,True,feasible,0.0,low,clear,6.0,21.0,3,4.2
24,123523950,37007,34.871086,-79.978851,False,mixed,90.2,critical,vegetation,0.0,25.0,0,7.8
25,42334494,37009,36.33641,-81.490238,False,mixed,33.8,moderate,vegetation,10.5,21.0,1,8.2
26,193013152,37009,36.362644,-81.34347,False,mixed,76.7,critical,vegetation,15.4,23.0,3,3.3
27,42083607,37009,36.503224,-81.654976,True,feasible,0.0,low,clear,8.8,21.0,1,9.1
28,42085695,37009,36.503423,-81.326954,True,feasible,0.0,low,clear,3.0,26.0,3,7.1
29,42317012,37009,36.361458,-81.662266,False,mixed,87.6,critical,vegetation,16.8,18.0,2,11.0
30,42156299,37009,36.504011,-81.492555,False,mixed,90.2,critical,vegetation,18.2,22.0,1,8.7
31,42226992,37011,35.989928,-81.863016,False,mixed,77.5,critical,vegetation,14.8,20.0,2,10.8
32,178242578,37011,36.104894,-81.986065,False,mixed,50.6,high,vegetation,3.9,23.0,5,13.1
33,42013755,37011,36.182229,-81.846053,False,mixed,0.0,low,clear,30.1,19.0,3,3.7
34,42227600,37011,35.985576,-81.986097,False,mixed,88.5,critical,vegetation,7.1,23.0,6,2.1
35,178487574,37011,36.203587,-81.972706,True,feasible,0.0,low,clear,1.2,28.0,0,29.3
36,177859789,37011,36.106993,-81.834629,True,feasible,0.0,low,clear,3.8,22.0,4,7.4
37,39558164,37013,35.607461,-77.064825,True,feasible,0.0,low,clear,0.4,14.0,3,12.5
38,39346969,37013,35.356236,-76.827994,False,mixed,86.7,critical,vegetation,0.1,24.0,1,22.3
39,39490970,37013,35.607744,-76.602986,False,mixed,90.1,critical,vegetation,0.1,21.0,0,24.1
40,39715333,37013,35.609825,-76.824313,True,feasible,0.0,low,clear,0.8,7.0,0,8.0
41,39366961,37013,35.401699,-77.077871,True,feasible,0.0,low,clear,0.7,1.0,0,12.2
42,178822193,37013,35.334278,-76.625357,True,feasible,0.0,low,clear,0.1,10.0,11,4.2
43,39731146,37015,35.954771,-76.791484,False,mixed,57.9,high,vegetation,1.3,20.0,4,7.0
44,39729978,37015,35.98033,-77.139101,True,feasible,0.0,low,clear,2.8,20.0,1,13.5
45,39732036,37015,35.947436,-76.993252,True,feasible,0.0,low,clear,0.3,21.0,0,1.9
46,178724179,37015,36.149224,-76.988459,True,feasible,0.0,low,clear,1.7,17.0,0,6.8
47,39649036,37015,36.150335,-76.796293,True,feasible,0.0,low,clear,0.6,21.0,2,1.8
48,39438624,37015,36.150022,-77.178797,False,mixed,89.0,critical,vegetation,3.8,18.0,0,14.5
49,41117361,37017,34.741824,-78.552269,False,mixed,81.4,critical,vegetation,0.2,22.0,0,7.9
50,41343524,37017,34.730519,-78.779227,False,mixed,51.1,high,vegetation,4.5,23.0,4,4.2
51,41052298,37017,34.490901,-78.784239,False,mixed,32.9,moderate,vegetation,0.3,25.0,3,5.1
52,41527912,37017,34.681942,-78.34797,False,mixed,0.0,low,clear,1.6,21.0,2,1.9
53,41508336,37017,34.487662,-78.537826,False,local_building,20.4,moderate,building,0.3,15.0,9,3.7
54,41535374,37017,34.469203,-78.295777,True,feasible,0.0,low,clear,0.0,0.0,0,8.1
55,41510761,37019,34.235901,-78.240821,False,mixed,32.7,moderate,vegetation,0.3,22.0,0,6.3
56,177903749,37019,33.973369,-78.292409,False,mixed,90.6,critical,vegetation,2.2,22.0,0,8.2
57,178205370,37019,34.159111,-78.506786,True,feasible,0.0,low,clear,0.7,15.0,0,5.4
58,41591158,37019,33.962073,-78.053151,True,feasible,0.0,low,clear,0.8,21.0,0,2.3
59,186904207,37019,34.2272145,-78.06322,False,mixed,90.3,critical,vegetation,3.4,25.0,0,6.3
60,41472383,37019,33.971883,-78.525569,True,feasible,0.0,low,clear,0.7,21.0,0,11.3
61,42373884,37021,35.697551,-82.329359,False,mixed,90.9,critical,vegetation,6.9,26.0,0,4.9
62,42670875,37021,35.716147,-82.52748,False,mixed,90.9,critical,vegetation,15.0,25.0,0,8.6
63,42537987,37021,35.706805,-82.751326,False,regional_terrain,0.0,low,clear,0.0,20.0,5,10.1
64,178258552,37021,35.525471,-82.291095,False,mixed,89.7,critical,vegetation,34.2,25.0,1,8.8
65,37293987,37021,35.527398,-82.756643,False,mixed,90.1,critical,vegetation,30.8,28.0,2,9.4
66,42725296,37021,35.524758,-82.524881,False,mixed,90.7,critical,vegetation,8.9,27.0,3,9.7
67,41996015,37023,35.66778,-81.462941,True,feasible,0.0,low,clear,2.9,21.0,2,7.8
68,115694057,37023,35.668097,-81.655632,True,feasible,3.7,low,vegetation,3.7,20.0,7,12.7
69,4435827,37023,35.878737,-81.847729,False,mixed,87.1,critical,vegetation,16.3,25.0,2,7.5
70,42210584,37023,35.668348,-81.847341,False,mixed,90.3,critical,vegetation,10.0,20.0,0,10.3
71,42223266,37023,35.860921,-81.672248,False,mixed,90.1,critical,vegetation,1.4,28.0,11,7.8
72,177900782,37023,35.7815,-81.465635,True,feasible,0.0,low,clear,4.5,20.0,2,2.6
73,40246635,37025,35.427205,-80.384032,True,feasible,0.0,low,clear,2.7,24.0,2,1.8
74,40152210,37025,35.272007,-80.542173,False,mixed,90.3,critical,vegetation,8.6,27.0,1,9.7
75,40106661,37025,35.29493,-80.432854,True,feasible,0.0,low,clear,1.7,18.0,29,1.8
76,39821996,37025,35.427305,-80.543152,False,mixed,12.9,low,vegetation,3.6,25.0,7,10.1
77,40625792,37025,35.279734,-80.670677,True,feasible,0.0,low,clear,1.4,21.0,13,2.6
78,39845791,37025,35.427865,-80.703311,False,roof_unusable,0.0,low,clear,0.9,20.0,6,1.9
79,42145056,37027,35.819533,-81.442649,True,feasible,0.0,low,clear,4.3,23.0,3,4.5
80,177856216,37027,35.93719,-81.667361,True,feasible,0.0,low,clear,7.4,25.0,1,14.1
81,42168339,37027,36.060695,-81.442673,False,mixed,72.9,critical,vegetation,15.6,22.0,5,8.8
82,42216837,37027,35.851502,-81.646938,True,feasible,0.0,low,clear,3.8,23.0,6,3.0
83,42177052,37027,36.061501,-81.648251,False,mixed,90.6,critical,vegetation,26.7,24.0,0,5.2
84,70411224,37027,35.940662,-81.443698,False,mixed,90.3,critical,vegetation,0.7,23.0,1,8.1
85,39645691,37029,36.38374,-76.253891,True,feasible,0.0,low,clear,0.9,22.0,3,2.1
86,39722265,37029,36.233834,-76.05167,True,feasible,0.0,low,clear,1.0,23.0,1,14.4
87,39721625,37029,36.34224,-76.064465,True,feasible,0.0,low,clear,0.0,23.0,2,3.0
88,188994021,37029,36.488896,-76.283131,True,feasible,0.0,low,clear,0.4,0.0,0,7.1
89,41891778,37031,34.833524,-76.883472,True,feasible,0.0,low,clear,1.9,21.0,0,1.8
90,195556397,37031,34.736872,-76.713334,True,feasible,0.0,low,clear,0.6,1.0,0,2.2
91,178115773,37031,34.715745,-76.993131,True,feasible,0.0,low,clear,1.2,27.0,0,3.6
92,46205799,37031,34.956142,-76.671598,True,feasible,0.0,low,clear,1.1,19.0,3,3.2
93,100879944,37031,34.88761,-76.397355,False,mixed,90.1,critical,vegetation,0.5,21.0,2,4.3
94,178104605,37031,34.787917,-76.463684,True,feasible,0.0,low,clear,1.5,19.0,5,3.0
95,37960726,37033,36.320076,-79.203892,False,mixed,43.8,moderate,vegetation,4.0,22.0,0,1.8
96,37994467,37033,36.312509,-79.464741,False,mixed,90.4,critical,vegetation,10.8,24.0,3,2.3
97,194763501,37033,36.464495,-79.462574,False,local_canopy,3.7,low,vegetation,11.1,25.0,1,2.8
98,38121525,37033,36.315654,-79.333716,False,mixed,89.8,critical,vegetation,5.9,18.0,0,1.9
99,34158981,37033,36.46707,-79.204419,False,mixed,90.6,critical,vegetation,4.9,23.0,1,1.9
100,37631385,37033,36.465154,-79.334736,False,mixed,90.3,critical,vegetation,12.7,22.0,1,1.9
101,42268301,37035,35.618164,-81.024679,False,mixed,90.4,critical,vegetation,4.2,25.0,1,1.9
102,42080301,37035,35.754135,-81.225938,False,mixed,39.4,moderate,vegetation,4.0,23.0,3,2.9
103,41971259,37035,35.729334,-81.393037,True,feasible,0.0,low,clear,2.2,20.0,6,1.9
104,40386673,37035,35.617404,-81.421375,False,mixed,82.3,critical,vegetation,13.4,23.0,0,3.8
105,42241091,37035,35.616494,-81.225954,False,mixed,89.5,critical,vegetation,7.4,20.0,8,5.1
106,42059098,37035,35.709199,-81.029079,False,roof_unusable,0.0,low,clear,1.8,18.0,2,18.8
107,177857705,37037,35.600481,-79.0075,False,mixed,86.3,critical,vegetation,2.8,27.0,4,3.3
108,178910476,37037,35.785543,-79.230907,False,roof_unusable,0.0,low,clear,6.7,22.0,5,21.3
109,38002890,37037,35.603359,-79.229803,False,mixed,90.7,critical,vegetation,8.3,25.0,0,5.1
110,38047623,37037,35.78296,-79.445027,False,mixed,90.9,critical,vegetation,3.1,28.0,2,3.6
111,38049272,37037,35.605958,-79.447042,True,feasible,0.0,low,clear,2.5,3.0,0,4.3
112,38519186,37037,35.781194,-79.013128,False,mixed,88.9,critical,vegetation,3.3,32.0,2,2.1
113,42786711,37039,35.18485,-83.807302,False,mixed,90.0,critical,vegetation,16.5,22.0,2,2.0
114,42805328,37039,35.185957,-84.214347,False,mixed,90.7,critical,vegetation,28.3,26.0,0,3.2
115,42803555,37039,35.049233,-84.215389,False,mixed,89.7,critical,vegetation,9.4,18.0,1,2.1
116,195587013,37039,35.112264,-83.88959,False,mixed,90.3,critical,vegetation,28.6,24.0,1,2.4
117,42806918,37039,35.18287,-84.010966,False,mixed,38.9,moderate,terrain,52.6,23.0,3,2.0
118,42806185,37039,35.053503,-84.011468,False,mixed,81.2,critical,vegetation,9.3,20.0,7,1.6
119,39725683,37041,36.289988,-76.641133,False,mixed,44.8,moderate,vegetation,0.0,14.0,0,6.2
120,39661382,37041,36.064712,-76.487379,True,feasible,0.0,low,clear,1.2,24.0,3,4.0
121,39660250,37041,36.177731,-76.639472,False,local_building,9.4,low,vegetation,0.7,22.0,5,9.0
122,39656904,37041,36.061242,-76.644027,True,feasible,0.0,low,clear,0.4,18.0,0,5.6
123,39642598,37041,36.324836,-76.564155,True,feasible,0.0,low,clear,0.2,9.0,2,3.1
124,42791882,37043,35.101344,-83.623341,False,mixed,31.8,moderate,vegetation,10.4,25.0,2,1.8
125,42788741,37043,35.024459,-83.94946,False,mixed,87.2,critical,vegetation,3.3,28.0,2,2.5
126,178692949,37043,35.022477,-83.632256,False,mixed,90.7,critical,vegetation,28.8,25.0,0,1.7
127,42791506,37043,35.024956,-83.737115,False,roof_unusable,0.0,low,clear,10.1,15.0,9,2.8
128,42793334,37043,35.026904,-83.843639,False,mixed,36.9,moderate,vegetation,2.8,21.0,6,5.4
129,42794842,37043,35.097014,-83.735772,False,mixed,18.8,low,terrain,35.5,20.0,2,2.5
130,42807737,37043,35.068899,-83.932594,False,mixed,89.4,critical,vegetation,5.5,22.0,5,4.9
131,42794383,37043,35.09372,-83.85904,False,mixed,89.1,critical,vegetation,37.2,30.0,1,7.2
132,177975012,37045,35.368676,-81.432453,False,mixed,24.8,moderate,vegetation,6.6,14.0,6,2.3
133,178398871,37045,35.469724,-81.480903,False,mixed,90.4,critical,vegetation,6.3,25.0,1,3.2
134,39782454,37045,35.501916,-81.654161,True,feasible,0.0,low,clear,18.9,22.0,8,3.4
135,173663881,37045,35.231591,-81.653861,True,feasible,0.0,low,clear,3.4,22.0,2,3.6
136,40343255,37045,35.367054,-81.653916,True,feasible,0.0,low,clear,2.1,17.0,4,2.4
137,173455885,37045,35.231459,-81.431722,True,feasible,0.0,low,clear,4.1,12.0,1,2.4
138,41559098,37047,34.094714,-78.61879,False,mixed,21.5,moderate,vegetation,0.4,22.0,0,3.6
139,41604411,37047,34.135258,-78.87542,True,feasible,0.0,low,clear,0.5,17.0,0,3.2
140,41501209,37047,34.353229,-78.908278,False,mixed,86.9,critical,vegetation,1.0,24.0,1,2.5
141,41650179,37047,34.35396,-78.613925,True,feasible,0.0,low,clear,1.3,20.0,5,2.4
142,190718403,37047,34.194773,-78.374556,False,regional_terrain,0.0,low,clear,0.0,17.0,0,3.4
143,41560522,37047,34.358835,-78.312123,False,mixed,89.4,critical,vegetation,2.3,25.0,2,3.6
144,4308355,37049,35.006637,-77.046156,True,feasible,0.0,low,clear,2.2,19.0,4,3.9
145,41730267,37049,35.267459,-77.322231,True,feasible,0.0,low,clear,0.5,21.0,3,2.8
146,41731122,37049,35.255875,-77.046323,True,feasible,0.0,low,clear,1.1,23.0,6,1.9
147,41752029,37049,34.938482,-76.813582,False,mixed,31.2,moderate,vegetation,6.5,25.0,2,1.7
148,41883790,37049,35.096887,-77.219614,False,local_building,7.7,low,vegetation,1.0,25.0,0,4.4
149,40940574,37051,34.941893,-78.79848,False,mixed,65.3,high,vegetation,0.0,24.0,0,2.7
150,178448635,37051,35.158868,-78.801772,False,mixed,89.3,critical,vegetation,0.1,20.0,0,3.5
151,41237671,37051,34.943157,-78.992913,True,feasible,0.0,low,clear,1.6,20.0,22,3.6
152,41049386,37051,34.942385,-78.60809,False,mixed,0.0,low,clear,0.1,20.0,4,4.8
153,40952303,37051,35.155738,-78.990755,True,feasible,0.0,low,clear,0.9,17.0,27,1.7
154,178424066,37051,35.163947,-78.632633,False,mixed,90.6,critical,vegetation,0.8,25.0,0,22.5
155,178484100,37053,36.311754,-75.897359,False,mixed,59.5,high,vegetation,0.6,20.0,0,20.3
156,39678449,37053,36.171124,-75.870464,False,mixed,62.1,high,vegetation,0.0,15.0,6,3.3
157,39721528,37053,36.363128,-76.114631,True,feasible,0.0,low,clear,2.9,23.0,2,2.0
158,39704189,37053,36.472565,-76.130763,True,feasible,0.0,low,clear,0.0,10.0,4,1.8
159,178342127,37053,36.489031,-75.907587,False,mixed,36.9,moderate,vegetation,1.0,16.0,0,1.6
160,39696714,37055,35.96025,-75.827153,True,feasible,0.0,low,clear,0.3,5.0,0,2.6
161,196802616,37055,35.6987,-75.495241,True,feasible,0.0,low,clear,0.0,0.0,0,1.7
162,178251420,37055,36.024968,-75.661915,True,feasible,0.0,low,clear,13.0,2.0,18,4.0
163,178884334,37055,35.7648,-75.87582,False,mixed,29.8,moderate,vegetation,0.0,18.0,0,3.7
164,193669787,37055,35.351929,-75.513466,True,feasible,0.0,low,clear,0.0,9.0,20,5.2
165,37690899,37057,35.587721,-80.152962,False,mixed,89.2,critical,vegetation,2.9,23.0,2,1.7
166,37917947,37057,35.767331,-80.368138,True,feasible,0.0,low,clear,5.0,25.0,1,1.9
167,37888368,37057,35.651288,-80.295523,False,mixed,71.0,critical,vegetation,6.7,25.0,10,3.2
168,37558915,37057,35.939993,-80.153014,True,feasible,0.0,low,clear,3.7,25.0,2,3.3
169,2792714,37057,35.939797,-80.368195,True,feasible,0.0,low,clear,1.0,17.0,1,5.2
170,70507974,37057,35.7665,-80.151113,False,mixed,86.3,critical,vegetation,8.9,23.0,0,8.6
171,37300162,37059,36.01022,-80.456107,False,mixed,69.2,high,vegetation,4.3,22.0,19,2.4
172,37377169,37059,35.808741,-80.472466,False,mixed,90.0,critical,vegetation,1.1,18.0,4,1.9
173,37376203,37059,36.009876,-80.623518,True,feasible,0.0,low,clear,0.2,25.0,1,2.7
174,37297698,37059,35.912394,-80.45513,False,mixed,49.8,high,vegetation,3.8,25.0,4,5.4
175,2814017,37059,35.838053,-80.617357,False,local_canopy,0.0,low,clear,3.1,18.0,0,3.2
176,37379858,37059,35.911084,-80.622086,False,mixed,90.8,critical,vegetation,2.7,26.0,2,4.7
177,178338838,37061,34.949959,-78.060967,False,regional_terrain,0.0,low,clear,0.0,17.0,2,4.2
178,41692691,37061,35.114695,-77.785562,True,feasible,0.0,low,clear,0.5,8.0,0,2.3
179,41721652,37061,34.953374,-77.789471,False,mixed,34.6,moderate,vegetation,1.5,38.0,0,3.9
180,41605472,37061,34.791943,-78.059224,False,mixed,0.0,low,clear,0.0,27.0,8,5.5
181,41725648,37061,34.790012,-77.785089,False,regional_terrain,0.0,low,clear,0.0,17.0,0,2.1
182,41224037,37061,35.111698,-78.054059,False,mixed,62.0,high,vegetation,5.2,27.0,0,1.8
183,173552845,37063,35.926686,-78.784637,True,feasible,0.0,low,clear,3.5,22.0,47,1.8
184,38328251,37063,36.171361,-78.811956,True,feasible,0.0,low,clear,9.6,21.0,1,1.7
185,178028627,37063,36.175388,-78.933803,False,mixed,47.0,high,vegetation,2.2,26.0,2,3.7
186,39199501,37063,36.053571,-78.783735,True,feasible,0.0,low,clear,6.8,21.0,5,2.0
187,39295582,37063,35.926717,-78.935463,False,mixed,60.8,high,vegetation,9.4,26.0,28,1.7
188,196167489,37063,36.052589,-78.936126,True,feasible,0.0,low,clear,2.9,24.0,3,6.1
189,39312671,37065,35.911818,-77.707351,True,feasible,0.0,low,clear,0.8,20.0,10,2.2
190,178068037,37065,36.030954,-77.476259,True,feasible,0.0,low,clear,0.7,1.0,0,3.3
191,39545413,37065,35.910962,-77.467681,True,feasible,0.0,low,clear,0.3,0.0,0,3.3
192,39447600,37065,35.753367,-77.708879,True,feasible,0.0,low,clear,0.1,0.0,0,5.7
193,39353474,37065,36.060563,-77.709795,True,feasible,0.0,low,clear,0.6,0.0,0,3.5
194,39545919,37065,35.784598,-77.492957,True,feasible,0.0,low,clear,1.5,15.0,4,5.5
195,37851534,37067,36.046946,-80.115218,False,local_building,77.9,critical,building,1.7,12.0,7,6.4
196,37303703,37067,36.190079,-80.114998,False,local_building,77.1,critical,building,3.6,23.0,14,2.8
197,37428649,37067,36.188903,-80.435944,False,mixed,58.3,high,vegetation,4.4,24.0,2,3.5
198,37580002,37067,36.045737,-80.274535,False,mixed,0.0,low,clear,2.5,17.0,39,4.5
199,37501836,37067,36.189386,-80.274674,False,regional_terrain,0.0,low,clear,0.0,16.0,7,3.7
200,37317754,37067,36.045699,-80.433538,False,local_building,40.5,moderate,building,8.7,23.0,9,2.7
201,173464623,37069,35.94278,-78.399178,True,feasible,0.0,low,clear,1.3,24.0,5,3.4
202,178759942,37069,36.049878,-78.410125,False,mixed,0.0,low,clear,0.0,24.0,2,3.9
203,38687861,37069,36.188605,-78.400085,False,roof_unusable,0.0,low,clear,3.6,18.0,1,2.6
204,38715888,37069,36.191332,-78.144333,True,feasible,0.0,low,clear,1.5,18.0,4,2.4
205,38716347,37069,36.050316,-78.144842,True,feasible,0.0,low,clear,2.0,16.0,5,2.7
206,39533055,37069,35.923422,-78.19208,True,feasible,0.0,low,clear,0.0,20.0,18,6.9
207,40375628,37071,35.350613,-81.014816,False,mixed,87.8,critical,vegetation,5.6,23.0,2,4.6
208,40070138,37071,35.215041,-81.323896,True,feasible,0.0,low,clear,1.7,26.0,8,4.8
209,39964933,37071,35.219394,-81.18979,True,feasible,3.7,low,vegetation,2.7,21.0,1,2.3
210,190716594,37071,35.352389,-81.189899,True,feasible,0.0,low,clear,5.2,27.0,1,5.4
211,39786896,37071,35.351378,-81.367583,False,mixed,89.7,critical,vegetation,7.4,23.0,4,1.9
212,39763433,37071,35.218042,-81.015065,False,mixed,33.8,moderate,vegetation,10.4,25.0,4,5.8
213,39664624,37073,36.500345,-76.871157,False,mixed,87.6,critical,vegetation,0.6,27.0,3,10.9
214,39665245,37073,36.498122,-76.729097,True,feasible,0.0,low,clear,1.5,24.0,4,10.4
215,39663139,37073,36.390176,-76.848475,True,feasible,0.0,low,clear,2.0,21.0,1,10.4
216,39666893,37073,36.376143,-76.730399,True,feasible,0.0,low,clear,1.1,22.0,0,1.8
217,39677904,37073,36.369765,-76.596868,False,mixed,90.2,critical,vegetation,0.2,22.0,3,4.6
218,39651963,37073,36.49106,-76.598386,False,local_building,14.3,low,vegetation,0.2,13.0,2,3.7
219,34909709,37075,35.288235,-83.936854,False,mixed,87.5,critical,vegetation,32.4,33.0,0,2.2
220,42608153,37075,35.285168,-83.79388,False,mixed,90.6,critical,vegetation,20.7,25.0,0,5.2
221,194551783,37075,35.38029,-83.88646,False,mixed,88.8,critical,vegetation,9.7,29.0,1,5.3
222,42349424,37075,35.388805,-83.655902,False,mixed,90.4,critical,vegetation,0.0,25.0,0,3.4
223,42607012,37075,35.393631,-83.797687,False,mixed,90.8,critical,vegetation,28.1,27.0,1,4.7
224,193015494,37075,35.280057,-83.686569,False,mixed,27.2,moderate,terrain,36.0,25.0,9,1.8
225,38756647,37077,36.281518,-78.713408,True,feasible,0.0,low,clear,3.8,23.0,2,4.1
226,38756955,37077,36.453859,-78.540162,False,roof_unusable,0.0,low,clear,0.4,22.0,4,4.9
227,38529811,37077,36.113114,-78.542048,False,mixed,79.1,critical,vegetation,7.1,25.0,0,1.5
228,38758612,37077,36.28252,-78.537602,False,mixed,86.9,critical,vegetation,8.0,25.0,0,6.8
229,38515086,37077,36.108473,-78.7152,True,feasible,0.0,low,clear,3.4,24.0,7,4.6
230,38759531,37077,36.450787,-78.716962,False,mixed,89.9,critical,vegetation,3.0,22.0,0,3.2
231,41758348,37079,35.400625,-77.571274,True,feasible,0.0,low,clear,0.3,15.0,3,3.2
232,41921178,37079,35.491652,-77.567993,False,mixed,85.0,critical,vegetation,0.9,24.0,2,7.3
233,41922870,37079,35.400194,-77.744928,False,mixed,89.6,critical,vegetation,0.0,19.0,1,1.7
234,39384883,37079,35.55647,-77.589838,True,feasible,0.0,low,clear,0.2,0.0,0,3.8
235,39549598,37079,35.596069,-77.739951,False,mixed,74.4,critical,vegetation,0.5,21.0,2,2.7
236,195859118,37079,35.497376,-77.74309,False,regional_terrain,0.0,low,clear,0.0,19.0,1,6.3
237,178506942,37081,36.167333,-79.960593,False,local_building,5.3,low,vegetation,10.6,24.0,5,5.6
238,37739159,37081,35.989816,-79.961082,False,mixed,79.1,critical,vegetation,3.3,22.0,19,3.0
239,37827238,37081,35.98943,-79.617929,False,mixed,89.8,critical,vegetation,4.8,20.0,6,5.7
240,38304360,37081,36.167326,-79.791797,True,feasible,0.0,low,clear,2.0,18.0,12,4.3
241,94248090,37081,35.989323,-79.788831,False,mixed,88.6,critical,vegetation,6.8,21.0,0,3.5
242,37717776,37081,36.16846,-79.618413,True,feasible,0.0,low,clear,4.2,25.0,5,3.8
243,39429203,37083,36.384853,-77.641842,False,mixed,87.2,critical,vegetation,3.0,20.0,4,1.9
244,186773552,37083,36.124707,-77.404033,True,feasible,0.0,low,clear,0.3,21.0,11,4.6
245,178096314,37083,36.387494,-77.878755,True,feasible,0.0,low,clear,6.4,23.0,5,3.9
246,39377446,37083,36.156782,-77.879721,True,feasible,0.0,low,clear,3.8,22.0,2,1.7
247,39378814,37083,36.147141,-77.621798,True,feasible,0.0,low,clear,0.9,21.0,0,4.4
248,39428540,37083,36.301095,-77.480819,True,feasible,0.0,low,clear,0.3,20.0,0,2.0
249,192858452,37085,35.482673,-78.650827,False,roof_unusable,0.0,low,clear,0.9,22.0,4,3.3
250,41063294,37085,35.296808,-79.106877,False,mixed,32.0,moderate,vegetation,4.2,21.0,6,5.8
251,178257026,37085,35.436733,-79.053792,False,mixed,80.4,critical,vegetation,5.1,21.0,5,4.1
252,178665492,37085,35.487884,-78.876639,True,feasible,0.0,low,clear,0.9,19.0,4,19.3
253,41056912,37085,35.296004,-78.877331,False,mixed,72.0,critical,vegetation,0.1,13.0,2,1.8
254,41104419,37085,35.294084,-78.649238,True,feasible,0.0,low,clear,1.4,25.0,0,17.4
255,42664055,37087,35.430948,-83.066098,False,mixed,90.4,critical,vegetation,20.9,25.0,1,1.7
256,194578737,37087,35.66041,-82.875225,True,feasible,0.0,low,clear,4.5,26.0,2,2.5
257,42429278,37087,35.432144,-82.867541,False,mixed,90.5,critical,vegetation,16.5,25.0,1,2.6
258,42646134,37087,35.678043,-83.040184,False,mixed,85.6,critical,vegetation,19.2,26.0,2,5.6
259,42646461,37087,35.55899,-83.065853,False,mixed,88.2,critical,vegetation,0.0,27.0,0,6.3
260,42441120,37087,35.558483,-82.866393,True,feasible,0.0,low,clear,11.9,26.0,3,4.9
261,42690155,37089,35.433346,-82.362942,False,mixed,18.0,low,vegetation,11.6,24.0,4,4.6
262,177955015,37089,35.320506,-82.363007,True,feasible,0.0,low,clear,2.9,26.0,2,2.6
263,70673073,37089,35.322344,-82.55785,False,mixed,90.1,critical,vegetation,9.6,23.0,0,4.4
264,195072354,37089,35.211753,-82.551803,False,mixed,27.5,moderate,vegetation,8.3,28.0,1,3.1
265,195316771,37089,35.434591,-82.561701,True,feasible,0.0,low,clear,10.2,26.0,1,4.2
266,42612983,37089,35.210858,-82.363042,False,mixed,82.1,critical,vegetation,9.8,24.0,1,2.7
267,39451073,37091,36.460299,-77.125661,True,feasible,0.0,low,clear,1.4,26.0,6,3.3
268,39368095,37091,36.444441,-76.964545,True,feasible,0.0,low,clear,0.3,0.0,0,1.7
269,39669905,37091,36.313283,-76.793375,True,feasible,0.0,low,clear,1.0,17.0,4,2.0
270,39345160,37091,36.305579,-77.116325,False,mixed,58.5,high,vegetation,0.0,24.0,3,2.1
271,39637651,37091,36.316937,-76.953709,False,roof_unusable,0.0,low,clear,0.7,22.0,8,4.3
272,41261173,37093,35.036133,-79.233587,False,mixed,89.9,critical,vegetation,0.7,20.0,0,2.5
273,41267619,37093,34.925095,-79.350404,False,mixed,88.4,critical,vegetation,0.0,24.0,0,2.7
274,3829956,37093,35.044953,-79.382418,False,mixed,89.6,critical,vegetation,3.5,23.0,1,5.6
275,41281875,37093,34.907375,-79.244863,False,mixed,88.7,critical,vegetation,1.4,25.0,4,5.1
276,41185580,37093,34.906475,-79.106739,True,feasible,0.0,low,clear,0.0,19.0,4,3.7
277,178572913,37093,35.042568,-79.104912,False,mixed,90.3,critical,vegetation,2.3,24.0,4,4.5
278,39524953,37095,35.425186,-76.474757,True,feasible,0.0,low,clear,0.5,8.0,2,1.7
279,39356643,37095,35.597453,-76.468898,True,feasible,0.0,low,clear,0.0,0.0,0,1.9
280,39381236,37095,35.569305,-76.127685,False,roof_unusable,0.0,low,clear,0.1,24.0,3,1.8
281,178658731,37095,35.407439,-76.094136,True,feasible,0.0,low,clear,0.3,17.0,4,2.1
282,192998098,37095,35.115503,-75.988028,True,feasible,0.0,low,clear,0.2,8.0,2,2.5
283,40194822,37097,35.589258,-80.797477,False,mixed,86.5,critical,vegetation,2.6,26.0,28,1.8
284,42114039,37097,35.965918,-81.003893,False,mixed,89.6,critical,vegetation,18.9,27.0,1,4.2
285,42113254,37097,35.775715,-80.798819,True,feasible,0.0,low,clear,0.4,26.0,0,2.8
286,42115756,37097,35.777015,-81.003721,False,mixed,90.7,critical,vegetation,2.3,24.0,8,4.1
287,42131916,37097,35.969408,-80.79524,False,mixed,82.7,critical,vegetation,2.4,21.0,1,3.4
288,40217293,37097,35.570226,-80.953516,False,roof_unusable,0.0,low,clear,3.5,25.0,7,1.7
289,42455960,37099,35.159462,-83.220942,False,mixed,13.8,low,vegetation,12.5,26.0,4,1.6
290,42438508,37099,35.442897,-83.247504,False,mixed,90.8,critical,vegetation,28.5,23.0,0,1.8
291,177957692,37099,35.275124,-83.030561,False,regional_terrain,0.0,low,clear,0.0,23.0,4,1.7
292,178405698,37099,35.27633,-83.241401,False,mixed,90.7,critical,vegetation,0.0,26.0,1,1.8
293,42615462,37099,35.11587,-83.029679,False,mixed,63.6,high,vegetation,4.2,22.0,0,1.9
294,4494137,37099,35.428877,-83.077467,False,mixed,86.7,critical,vegetation,14.0,30.0,1,2.1
295,38523863,37101,35.33941,-78.229705,False,mixed,90.9,critical,vegetation,5.2,25.0,0,1.9
296,38336138,37101,35.355962,-78.546316,True,feasible,0.0,low,clear,0.6,24.0,1,1.8
297,46661839,37101,35.717622,-78.229045,True,feasible,0.0,low,clear,1.5,21.0,9,2.1
298,38503230,37101,35.666063,-78.51905,True,feasible,0.0,low,clear,0.6,18.0,9,1.9
299,38333889,37101,35.532821,-78.546411,False,regional_terrain,0.0,low,clear,0.0,17.0,5,3.4
300,38791076,37101,35.531259,-78.228763,True,feasible,0.0,low,clear,0.6,29.0,3,4.0
301,41834178,37103,34.900712,-77.212623,False,mixed,88.9,critical,vegetation,0.9,16.0,0,1.7
302,41901279,37103,34.977416,-77.666952,True,feasible,0.0,low,clear,1.7,17.0,2,1.8
303,41687036,37103,35.081668,-77.589014,False,mixed,0.0,low,clear,0.0,21.0,4,3.6
304,178795403,37103,35.130745,-77.418909,False,local_canopy,5.2,low,vegetation,2.6,22.0,11,3.2
305,41874432,37103,35.089601,-77.227436,False,mixed,82.1,critical,vegetation,1.2,18.0,1,4.1
306,41832784,37103,34.932323,-77.364726,True,feasible,0.0,low,clear,0.6,0.0,0,6.5
307,38003246,37105,35.563375,-79.240066,False,mixed,88.3,critical,vegetation,1.8,19.0,0,1.8
308,178763515,37105,35.362091,-79.261178,True,feasible,0.0,low,clear,5.4,22.0,7,4.2
309,38004328,37105,35.465804,-79.262167,False,mixed,90.7,critical,vegetation,6.1,24.0,0,4.6
310,38028731,37105,35.388076,-79.103297,False,mixed,90.0,critical,vegetation,2.9,23.0,1,1.8
311,194698914,37105,35.571999,-79.067436,True,feasible,0.0,low,clear,1.9,8.0,1,3.2
312,38340253,37105,35.46538,-79.068645,False,mixed,26.2,moderate,vegetation,0.6,18.0,17,2.0
313,41903873,37107,35.085169,-77.731062,True,feasible,0.0,low,clear,7.7,23.0,6,3.6
314,41676950,37107,35.221197,-77.525153,True,feasible,0.0,low,clear,0.6,23.0,3,3.1
315,41829245,37107,35.363109,-77.725988,True,feasible,0.0,low,clear,1.1,18.0,0,3.4
316,178059327,37107,35.352879,-77.523903,False,mixed,88.7,critical,vegetation,1.8,24.0,0,2.9
317,41686235,37107,35.12929,-77.551595,False,mixed,0.0,low,clear,0.0,13.0,3,3.0
318,41825641,37107,35.22257,-77.736422,False,mixed,52.3,high,vegetation,1.6,18.0,3,3.0
319,197251539,37109,35.527886,-81.171912,True,feasible,0.0,low,clear,2.0,24.0,2,1.8
320,40384115,37109,35.525991,-81.318893,False,mixed,87.9,critical,vegetation,9.8,17.0,1,2.0
321,197290830,37109,35.525802,-81.027887,False,mixed,86.5,critical,vegetation,12.7,23.0,6,3.2
322,40385928,37109,35.525816,-81.46306,True,feasible,0.0,low,clear,4.9,24.0,11,3.9
323,40035178,37109,35.444005,-81.170986,False,mixed,90.6,critical,vegetation,8.4,21.0,0,2.9
324,40080778,37109,35.442441,-81.463722,False,mixed,59.2,high,vegetation,4.6,16.0,1,2.0
325,39872127,37109,35.443354,-81.318204,True,feasible,0.0,low,clear,1.6,12.0,6,1.9
326,197431752,37109,35.443663,-81.025412,True,feasible,0.0,low,clear,8.7,20.0,37,2.3
327,195885546,37111,35.742293,-81.944812,False,mixed,89.8,critical,vegetation,12.5,23.0,6,1.6
328,42562595,37111,35.59961,-81.950638,False,mixed,90.3,critical,vegetation,16.9,28.0,1,2.2
329,42595766,37111,35.599652,-82.169656,False,mixed,68.6,high,vegetation,6.3,25.0,5,1.8
330,42556167,37111,35.746126,-82.167916,False,mixed,88.4,critical,vegetation,31.2,23.0,0,2.6
331,42558300,37111,35.835037,-82.10164,False,mixed,88.5,critical,vegetation,12.5,28.0,1,1.8
332,42556329,37111,35.883614,-81.945728,False,mixed,90.3,critical,vegetation,9.8,24.0,2,2.6
333,42638964,37113,35.239609,-83.61317,False,mixed,71.7,critical,vegetation,17.2,28.0,5,2.6
334,42501453,37113,35.082587,-83.584187,False,mixed,90.7,critical,vegetation,15.8,27.0,1,2.0
335,42496814,37113,35.237927,-83.423734,False,mixed,88.7,critical,vegetation,0.0,20.0,1,3.8
336,42597181,37113,35.075358,-83.421918,False,mixed,89.1,critical,vegetation,0.0,24.0,0,3.3
337,196545719,37113,35.236717,-83.229608,False,mixed,18.0,low,terrain,24.1,20.0,1,2.6
338,42521715,37113,35.071974,-83.233838,False,mixed,80.5,critical,vegetation,3.2,26.0,0,1.7
339,195732187,37115,35.941353,-82.690221,False,mixed,81.4,critical,vegetation,20.9,26.0,0,4.7
340,42674779,37115,35.799513,-82.519604,False,mixed,89.0,critical,vegetation,5.2,21.0,7,4.7
341,178064991,37115,35.941487,-82.513314,True,feasible,0.0,low,clear,1.7,22.0,0,2.3
342,42569701,37115,35.770626,-82.691552,False,mixed,90.7,critical,vegetation,24.6,24.0,7,4.5
343,42525867,37115,35.770073,-82.871728,False,mixed,73.2,critical,vegetation,28.4,24.0,2,2.9
344,42526342,37115,35.931113,-82.885611,False,roof_unusable,0.0,low,clear,2.1,25.0,5,6.5
345,39519173,37117,35.797005,-77.285809,True,feasible,0.0,low,clear,1.8,16.0,4,4.2
346,39575428,37117,35.763082,-77.089232,True,feasible,0.0,low,clear,0.3,9.0,0,7.9
347,186771087,37117,35.958484,-77.293914,True,feasible,0.0,low,clear,0.5,10.0,2,2.8
348,39436757,37117,35.76806,-76.886931,True,feasible,0.0,low,clear,1.0,16.0,3,3.5
349,39577891,37117,35.917396,-77.106417,False,mixed,90.5,critical,vegetation,1.3,26.0,0,3.3
350,178758971,37119,35.260894,-80.678432,False,mixed,90.8,critical,vegetation,1.6,27.0,1,3.9
351,40818299,37119,35.104883,-80.928047,True,feasible,0.0,low,clear,0.7,17.0,2,3.6
352,40593849,37119,35.259831,-80.930555,False,mixed,87.6,critical,vegetation,0.5,21.0,27,9.1
353,40015095,37119,35.426866,-80.930485,True,feasible,0.0,low,clear,9.4,26.0,10,6.6
354,39997963,37119,35.413998,-80.753665,True,feasible,0.0,low,clear,4.1,25.0,13,9.1
355,40135060,37119,35.103389,-80.682357,True,feasible,0.0,low,clear,0.9,21.0,2,6.5
356,42517034,37121,36.094317,-82.264804,False,mixed,89.6,critical,vegetation,18.7,24.0,2,4.5
357,42516652,37121,35.995007,-82.257756,True,feasible,0.0,low,clear,3.1,25.0,5,7.3
358,194999923,37121,35.880501,-82.072603,False,mixed,90.4,critical,vegetation,9.7,25.0,1,3.6
359,42363145,37121,36.07926,-82.080396,False,mixed,90.0,critical,vegetation,16.5,23.0,0,5.1
360,42364124,37121,36.000952,-82.0792,False,mixed,90.5,critical,vegetation,29.1,28.0,0,5.0
361,42362306,37121,35.932747,-82.170623,False,mixed,90.3,critical,vegetation,12.1,25.0,1,3.9
362,194329041,37123,35.232973,-80.058418,False,roof_unusable,0.0,low,clear,1.4,23.0,3,1.9
363,38106367,37123,35.418076,-79.895012,False,mixed,90.5,critical,vegetation,6.8,23.0,0,6.6
364,38060126,37123,35.411818,-79.742744,True,feasible,0.0,low,clear,4.9,22.0,3,3.5
365,37817433,37123,35.24063,-79.714509,True,feasible,0.0,low,clear,1.5,19.0,2,2.4
366,40253153,37123,35.432688,-80.06749,False,mixed,89.8,critical,vegetation,6.4,28.0,0,4.3
367,37939234,37123,35.23914,-79.885702,False,mixed,87.1,critical,vegetation,19.8,23.0,0,4.2
368,194696027,37125,35.404497,-79.44447,False,local_canopy,6.2,low,vegetation,4.0,23.0,1,5.7
369,37817177,37125,35.184819,-79.634511,True,feasible,0.0,low,clear,5.8,9.0,0,6.3
370,41347267,37125,35.200643,-79.214536,False,mixed,90.3,critical,vegetation,0.2,26.0,1,9.3
371,195960306,37125,35.376241,-79.278505,False,local_building,46.8,high,building,1.5,0.0,8,5.1
372,25635879,37125,35.166744,-79.441967,False,mixed,89.8,critical,vegetation,2.5,21.0,1,3.8
373,177967552,37125,35.394626,-79.66252,True,feasible,0.0,low,clear,5.3,23.0,1,3.7
374,39329015,37127,35.96922,-77.84017,False,mixed,80.3,critical,vegetation,3.3,24.0,12,4.2
375,39363087,37127,36.095177,-78.078501,True,feasible,0.0,low,clear,1.4,33.0,5,4.5
376,173574466,37127,35.969861,-78.11167,False,regional_terrain,0.0,low,clear,0.0,16.0,9,6.0
377,39570124,37127,36.12216,-77.838994,True,feasible,0.0,low,clear,1.3,22.0,2,1.6
378,39373559,37127,35.844842,-77.844325,False,mixed,88.9,critical,vegetation,0.2,26.0,1,3.2
379,188987888,37127,35.814872,-78.112815,True,feasible,0.0,low,clear,2.1,16.0,0,3.9
380,41467728,37129,34.163884,-77.931487,False,mixed,36.3,moderate,vegetation,1.3,25.0,36,2.3
381,41665055,37129,34.187553,-77.81059,True,feasible,0.0,low,clear,1.7,10.0,15,2.7
382,178016752,37129,34.031261,-77.910554,True,feasible,0.0,low,clear,0.0,22.0,2,6.3
383,41495916,37129,34.303608,-77.931216,True,feasible,0.0,low,clear,1.1,24.0,7,2.4
384,41444281,37129,34.302516,-77.789462,True,feasible,0.0,low,clear,1.4,6.0,1,4.8
385,39391442,37131,36.462151,-77.598374,True,feasible,0.0,low,clear,2.3,19.0,2,4.1
386,39393385,37131,36.502681,-77.783326,False,local_building,13.1,low,vegetation,1.7,20.0,7,2.9
387,178339504,37131,36.302568,-77.391599,True,feasible,0.0,low,clear,1.6,23.0,3,1.8
388,39612129,37131,36.299909,-77.196117,True,feasible,0.0,low,clear,1.1,18.0,2,2.1
389,39525599,37131,36.461613,-77.389558,False,mixed,55.5,high,building,2.6,22.0,1,2.0
390,39434966,37131,36.332437,-77.56525,True,feasible,0.0,low,clear,0.5,19.0,0,1.8
391,39491459,37131,36.465465,-77.191035,False,mixed,89.6,critical,vegetation,0.9,19.0,3,3.9
392,178103539,37133,34.52383,-77.543932,True,feasible,0.0,low,clear,2.2,2.0,1,2.0
393,41763049,37133,34.711147,-77.256855,False,regional_terrain,0.0,low,clear,0.0,24.0,0,4.8
394,41577988,37133,34.526833,-77.343944,True,feasible,0.0,low,clear,10.7,0.0,0,1.8
395,196182830,37133,34.889072,-77.253783,True,feasible,0.0,low,clear,0.6,20.0,5,2.4
396,41790159,37133,34.710496,-77.537251,True,feasible,0.0,low,clear,0.3,23.0,9,1.6
397,41912176,37133,34.891894,-77.542587,True,feasible,0.0,low,clear,1.6,18.0,14,2.6
398,39222309,37135,36.05037975,-79.028873,False,mixed,90.7,critical,vegetation,3.5,31.0,3,1.9
399,38445246,37135,35.924356,-79.187723,False,mixed,90.5,critical,vegetation,5.9,26.0,4,1.7
400,38770717,37135,36.179145,-79.03086,False,mixed,69.5,high,vegetation,4.1,27.0,7,2.4
401,194403558,37135,36.177193,-79.188636,True,feasible,0.0,low,clear,3.7,22.0,2,2.0
402,38405953,37135,35.924925,-79.031094,False,roof_unusable,0.0,low,clear,0.5,24.0,10,1.8
403,37694311,37135,36.051599,-79.187684,True,feasible,0.0,low,clear,8.0,26.0,9,1.8
404,70876489,37137,35.075195,-76.598053,True,feasible,0.0,low,clear,0.4,21.0,0,21.0
405,41733219,37137,35.056992,-76.906165,True,feasible,0.0,low,clear,0.6,21.0,4,22.6
406,177974765,37137,35.18756,-76.725443,True,feasible,0.0,low,clear,0.1,0.0,0,2.5
407,193021908,37137,35.046416,-76.744001,False,mixed,89.7,critical,vegetation,1.2,22.0,3,1.7
408,41732818,37137,35.180845,-76.852636,False,local_canopy,0.0,low,clear,0.3,18.0,1,1.6
409,41940305,37137,35.247048,-76.582615,False,mixed,33.7,moderate,vegetation,0.3,23.0,2,5.3
410,39626429,37139,36.179963,-76.170109,True,feasible,0.0,low,clear,0.5,0.0,0,1.6
411,39628982,37139,36.235315,-76.314405,False,mixed,90.2,critical,vegetation,0.0,24.0,2,1.6
412,39625594,37139,36.295036,-76.374376,True,feasible,0.0,low,clear,0.7,16.0,1,3.0
413,39615211,37139,36.352189,-76.229473,False,mixed,90.1,critical,vegetation,0.6,21.0,0,2.4
414,39622834,37139,36.286686,-76.190084,False,mixed,43.7,moderate,vegetation,0.0,23.0,3,1.9
415,39626964,37139,36.405393,-76.370953,True,feasible,0.0,low,clear,0.0,21.0,1,1.8
416,41563672,37141,34.407496,-77.887464,False,mixed,26.7,moderate,vegetation,1.3,27.0,2,2.1
417,173685670,37141,34.408334,-77.641393,True,feasible,0.0,low,clear,2.0,20.0,13,3.2
418,41534576,37141,34.617565,-78.134085,True,feasible,0.0,low,clear,0.0,22.0,4,2.1
419,41557373,37141,34.636837,-77.643078,False,mixed,90.7,critical,vegetation,1.2,25.0,0,1.8
420,41508892,37141,34.409852,-78.131041,False,mixed,90.4,critical,vegetation,0.8,22.0,1,5.9
421,41483453,37141,34.618396,-77.887787,False,mixed,88.4,critical,vegetation,0.0,25.0,0,2.4
422,39674746,37143,36.238532,-76.320646,True,feasible,0.0,low,clear,1.1,23.0,2,1.7
423,39675171,37143,36.156185,-76.386679,False,roof_unusable,0.0,low,clear,0.0,24.0,1,1.8
424,39674680,37143,36.147246,-76.261955,True,feasible,0.0,low,clear,0.0,20.0,3,2.4
425,46433611,37143,36.14198,-76.523977,False,mixed,65.3,high,vegetation,0.3,19.0,3,1.9
426,39674479,37143,36.290054,-76.397486,True,feasible,0.0,low,clear,0.2,22.0,1,3.5
427,178828521,37143,36.289478,-76.527368,True,feasible,0.0,low,clear,0.4,25.0,2,4.1
428,38784224,37145,36.386809,-79.06056,True,feasible,0.0,low,clear,4.2,15.0,1,1.7
429,178782201,37145,36.286967,-79.06263,True,feasible,0.0,low,clear,1.8,17.0,2,2.8
430,178620210,37145,36.287192,-78.88349,False,mixed,90.2,critical,vegetation,1.5,24.0,0,3.9
431,38040989,37145,36.488858,-79.062841,True,feasible,0.0,low,clear,5.2,23.0,2,1.6
432,38785094,37145,36.388395,-78.885286,False,local_canopy,0.0,low,clear,3.5,14.0,1,24.0
433,38781600,37145,36.495749,-78.88775,False,mixed,90.5,critical,vegetation,0.0,24.0,1,1.7
434,41736171,37147,35.430774,-77.47622,False,mixed,66.7,high,vegetation,3.7,20.0,1,21.0
435,39385041,37147,35.588616,-77.536407,False,mixed,90.7,critical,vegetation,0.7,24.0,0,5.0
436,39447904,37147,35.744156,-77.539927,False,mixed,34.4,moderate,vegetation,1.7,24.0,2,1.8
437,39536595,37147,35.746471,-77.24024,False,mixed,48.3,high,vegetation,0.8,15.0,0,6.9
438,39426214,37147,35.418182,-77.240785,False,mixed,46.0,high,vegetation,1.2,26.0,3,7.1
439,39425664,37147,35.584956,-77.240481,False,mixed,76.4,critical,building,1.1,24.0,5,18.5
440,42580067,37149,35.3547,-82.286373,False,mixed,38.2,moderate,vegetation,3.8,23.0,1,6.4
441,42643841,37149,35.242884,-82.028124,False,mixed,67.7,high,vegetation,5.4,21.0,3,3.8
442,42579500,37149,35.352542,-82.156842,False,mixed,90.1,critical,vegetation,9.1,21.0,3,4.5
443,178146125,37149,35.243162,-82.293856,False,mixed,89.0,critical,vegetation,14.8,24.0,2,3.0
444,42447606,37149,35.243023,-82.161028,False,mixed,88.7,critical,vegetation,9.7,20.0,3,8.4
445,40291420,37149,35.327313,-82.04759,False,mixed,77.7,critical,vegetation,4.9,22.0,3,2.6
446,38058406,37151,35.817259,-79.627848,False,local_canopy,0.0,low,clear,11.3,19.0,0,7.3
447,37615151,37151,35.610556,-79.972293,False,mixed,90.7,critical,vegetation,21.6,23.0,1,13.2
448,37963863,37151,35.615122,-79.621359,True,feasible,0.0,low,clear,0.4,23.0,4,6.6
449,37614271,37151,35.610075,-79.802004,True,feasible,0.0,low,clear,2.8,25.0,0,3.2
450,38100756,37151,35.813943,-79.978655,True,feasible,0.0,low,clear,3.9,22.0,0,4.0
451,37967724,37151,35.816738,-79.802829,True,feasible,0.0,low,clear,8.6,18.0,11,13.3
452,41144116,37153,34.904887,-79.589313,False,mixed,25.8,moderate,vegetation,1.2,13.0,0,8.4
453,41121631,37153,35.085498,-79.767646,False,mixed,89.4,critical,vegetation,1.6,24.0,6,6.8
454,37817370,37153,35.090026,-79.595178,False,mixed,89.8,critical,vegetation,2.5,25.0,1,5.4
455,37940599,37153,35.118237,-79.917706,False,mixed,11.4,low,vegetation,3.0,23.0,1,2.0
456,41294972,37153,34.84111,-79.905792,False,mixed,84.9,critical,vegetation,3.7,25.0,0,7.2
457,41291233,37153,34.899933,-79.766022,False,local_canopy,0.0,low,clear,1.3,20.0,7,2.3
458,41188972,37155,34.643078,-78.989654,True,feasible,0.0,low,clear,0.7,17.0,12,12.5
459,41131818,37155,34.465797,-79.264308,False,mixed,89.3,critical,vegetation,2.6,24.0,1,6.6
460,41215818,37155,34.836863,-79.296319,True,feasible,0.0,low,clear,2.0,8.0,0,7.1
461,41304184,37155,34.64318,-79.301543,False,mixed,87.9,critical,vegetation,1.7,22.0,2,6.0
462,41233125,37155,34.439875,-78.991389,False,mixed,90.8,critical,vegetation,1.0,26.0,0,5.6
463,41311206,37155,34.847715,-78.992211,True,feasible,0.0,low,clear,0.1,24.0,2,8.6
464,37990285,37157,36.317731,-79.600531,False,mixed,89.7,critical,vegetation,3.9,23.0,3,4.9
465,34173538,37157,36.46702,-79.774709,False,mixed,89.8,critical,vegetation,4.8,27.0,8,3.4
466,37993683,37157,36.317129,-79.773356,True,feasible,0.0,low,clear,2.2,17.0,1,5.0
467,37425014,37157,36.470528,-79.946565,False,roof_unusable,0.0,low,clear,1.4,24.0,1,2.9
468,38002179,37157,36.465737,-79.600015,False,mixed,90.4,critical,vegetation,2.6,24.0,1,5.7
469,37364377,37157,36.316195,-79.947553,True,feasible,0.0,low,clear,5.1,23.0,9,6.2
470,37322964,37159,35.763715,-80.676817,False,roof_unusable,0.0,low,clear,2.5,33.0,10,7.2
471,193002291,37159,35.591079,-80.294128,True,feasible,0.0,low,clear,3.4,16.0,3,2.9
472,39796284,37159,35.590603,-80.676289,False,mixed,90.2,critical,vegetation,10.8,25.0,1,5.6
473,40303731,37159,35.759244,-80.488534,False,mixed,90.4,critical,vegetation,2.9,24.0,4,9.1
474,178815422,37159,35.718056,-80.338761,False,mixed,67.4,high,vegetation,1.3,25.0,1,3.8
475,40320497,37159,35.588791,-80.484971,True,feasible,0.0,low,clear,2.5,14.0,8,4.8
476,39780269,37161,35.467054,-81.791662,True,feasible,0.0,low,clear,8.0,25.0,1,1.7
477,40290929,37161,35.37054,-82.105652,False,local_building,72.4,critical,building,0.2,24.0,2,2.3
478,46600068,37161,35.463641,-82.178463,False,mixed,51.3,high,vegetation,9.9,25.0,1,14.5
479,40381842,37161,35.46525,-81.982183,False,mixed,88.8,critical,vegetation,5.4,22.0,3,4.0
480,40285441,37161,35.272888,-81.980506,False,mixed,87.8,critical,vegetation,15.0,27.0,2,16.0
481,40190630,37161,35.275895,-81.789925,True,feasible,0.0,low,clear,2.9,22.0,8,1.9
482,196321294,37163,34.783106,-78.429918,False,mixed,89.5,critical,vegetation,0.3,28.0,3,3.1
483,41133519,37163,35.185754,-78.253428,False,mixed,43.3,moderate,vegetation,0.8,27.0,2,3.9
484,178026445,37163,35.187121,-78.529963,True,feasible,0.0,low,clear,0.4,15.0,1,7.6
485,41528456,37163,34.687844,-78.262689,False,mixed,86.4,critical,vegetation,1.5,21.0,1,4.8
486,41074911,37163,34.939356,-78.260285,False,mixed,46.9,high,vegetation,1.5,24.0,0,8.7
487,41301293,37163,34.93882,-78.532062,False,mixed,88.4,critical,vegetation,0.9,20.0,5,13.4
488,41212990,37165,34.931385,-79.569117,False,mixed,82.9,critical,vegetation,9.5,19.0,0,2.4
489,41168149,37165,34.722415,-79.572815,True,feasible,0.0,low,clear,0.5,20.0,3,15.9
490,41165859,37165,34.831979,-79.602825,False,mixed,75.6,critical,vegetation,3.6,22.0,0,7.6
491,41219369,37165,34.702218,-79.421294,True,feasible,0.0,low,clear,1.7,23.0,2,4.0
492,41351064,37165,34.957165,-79.426327,False,mixed,16.9,low,vegetation,3.2,24.0,3,5.3
493,195784626,37165,34.836296,-79.428075,True,feasible,0.0,low,clear,1.3,19.0,5,9.3
494,187290159,37167,35.385911,-80.371925,False,mixed,90.1,critical,vegetation,22.0,20.0,2,10.4
495,40251753,37167,35.414299,-80.289059,True,feasible,0.0,low,clear,2.4,18.0,2,5.5
496,40252161,37167,35.417703,-80.141767,True,feasible,0.0,low,clear,3.7,19.0,0,6.0
497,40259892,37167,35.242453,-80.284294,False,mixed,90.3,critical,vegetation,6.1,21.0,0,8.7
498,40257689,37167,35.238614999999996,-80.13878,False,local_building,12.1,low,vegetation,3.7,22.0,6,4.2
499,40367448,37167,35.240548,-80.430703,True,feasible,0.0,low,clear,3.2,21.0,2,5.9
500,37440240,37169,36.475069,-80.381354,False,mixed,90.4,critical,vegetation,10.2,24.0,0,6.4
501,177832741,37169,36.330146,-80.239329,True,feasible,0.0,low,clear,4.4,14.0,4,4.6
502,37346652,37169,36.330926,-80.381525,False,local_building,11.0,low,vegetation,6.4,23.0,3,7.2
503,37421231,37169,36.47584,-80.098036,False,mixed,89.8,critical,vegetation,5.3,24.0,0,4.4
504,177892376,37169,36.329227,-80.094394,True,feasible,0.0,low,clear,2.3,22.0,0,8.0
505,37325393,37169,36.474366,-80.240033,False,mixed,90.5,critical,vegetation,19.4,26.0,1,6.7
506,192989338,37171,36.317559,-80.696085,True,feasible,0.0,low,clear,2.7,23.0,3,6.9
507,37395355,37171,36.481168,-80.695592,True,feasible,0.0,low,clear,2.7,15.0,4,6.7
508,178031600,37171,36.494518,-80.853888,False,mixed,90.3,critical,vegetation,11.4,24.0,0,2.0
509,42275857,37171,36.319424,-80.864018,True,feasible,0.0,low,clear,2.3,19.0,18,1.8
510,37415346,37171,36.31836,-80.525152,True,feasible,0.0,low,clear,8.3,16.0,9,1.8
511,70998047,37171,36.483751,-80.527723,False,mixed,90.7,critical,vegetation,4.1,24.0,1,3.3
512,178371706,37173,35.453805,-83.573212,False,mixed,59.9,high,vegetation,23.6,25.0,0,1.8
513,42438592,37173,35.52263,-83.305789,True,feasible,0.0,low,clear,2.4,23.0,15,3.0
514,4493874,37173,35.468305,-83.904919,False,mixed,76.1,critical,vegetation,12.4,24.0,0,3.9
515,177858579,37173,35.369349,-83.340097,False,mixed,90.4,critical,vegetation,17.8,22.0,1,2.7
516,196861104,37173,35.367418,-83.570772,False,mixed,0.0,low,clear,3.2,26.0,4,2.2
517,42610992,37175,35.112707,-82.811104,False,mixed,89.9,critical,vegetation,31.7,25.0,0,1.7
518,101885609,37175,35.224518,-82.930578,False,mixed,90.1,critical,vegetation,19.2,19.0,0,2.2
519,42601937,37175,35.244757,-82.801336,False,mixed,90.8,critical,vegetation,24.7,26.0,0,7.1
520,42615142,37175,35.11433,-82.958739,False,mixed,90.1,critical,vegetation,9.7,20.0,0,5.6
521,83733732,37175,35.128501,-82.665314,False,mixed,90.2,critical,vegetation,4.0,25.0,0,3.3
522,42602303,37175,35.259119,-82.661983,True,feasible,0.0,low,clear,0.4,13.0,0,2.1
523,39381035,37177,35.662951,-76.241005,True,feasible,0.0,low,clear,0.6,0.0,0,1.7
524,39650547,37177,35.919765,-76.127331,False,mixed,22.5,moderate,vegetation,3.0,20.0,0,2.7
525,39653882,37177,35.821424,-76.343738,True,feasible,0.0,low,clear,0.8,0.0,0,2.5
526,177869708,37177,35.923698,-76.317425,True,feasible,0.0,low,clear,0.6,7.0,0,2.9
527,39651090,37177,35.812804,-76.142445,True,feasible,0.0,low,clear,0.6,14.0,1,3.7
528,39651179,37177,35.70731,-76.139082,False,mixed,15.5,low,vegetation,0.3,27.0,1,2.2
529,40028363,37179,35.10722,-80.558026,True,feasible,0.0,low,clear,1.7,18.0,2,2.1
530,177968735,37179,34.911671,-80.745165,False,mixed,90.7,critical,vegetation,7.4,25.0,1,2.7
531,40189233,37179,34.912537,-80.559961,False,mixed,32.6,moderate,vegetation,5.0,25.0,5,2.0
532,40141635,37179,35.073119,-80.719541,False,mixed,53.7,high,vegetation,0.4,21.0,20,2.3
533,40113377,37179,35.107522,-80.375001,False,mixed,24.3,moderate,vegetation,12.2,19.0,0,2.2
534,40114094,37179,34.918092,-80.379323,True,feasible,0.0,low,clear,4.0,14.0,1,2.4
535,38687363,37181,36.225108,-78.451585,True,feasible,0.0,low,clear,4.4,18.0,11,2.1
536,38658463,37181,36.237354,-78.336066,True,feasible,0.0,low,clear,1.4,8.0,4,2.4
537,38723744,37181,36.482663,-78.335876,True,feasible,0.0,low,clear,2.5,19.0,17,2.7
538,38659096,37181,36.356167,-78.336699,True,feasible,0.0,low,clear,1.5,16.0,4,2.8
539,38657606,37181,36.357211,-78.454506,True,feasible,0.0,low,clear,2.2,20.0,7,1.7
540,38652559,37181,36.472019,-78.453823,True,feasible,0.0,low,clear,2.8,24.0,2,2.6
541,39072383,37183,35.936931,-78.619783,False,mixed,58.9,high,vegetation,3.8,26.0,9,1.9
542,39123331,37183,35.909246,-78.812434,False,mixed,86.6,critical,vegetation,0.8,16.0,19,2.6
543,38578031,37183,35.65993,-78.619857,False,mixed,90.0,critical,vegetation,2.6,25.0,4,4.2
544,38843980,37183,35.730306,-78.413783,True,feasible,0.0,low,clear,3.3,25.0,1,2.3
545,38663730,37183,35.660775,-78.858761,False,local_canopy,0.0,low,clear,1.5,21.0,10,1.9
546,38862594,37183,35.934926,-78.380804,False,mixed,90.6,critical,vegetation,2.0,23.0,13,2.3
547,38747658,37185,36.484835,-78.215226,True,feasible,0.0,low,clear,2.0,16.0,3,2.1
548,38840151,37185,36.263948,-78.211396,True,feasible,0.0,low,clear,3.4,21.0,4,3.8
549,38838456,37185,36.268074,-78.003102,False,mixed,76.5,critical,vegetation,0.9,22.0,1,2.0
550,39443627,37185,36.488174,-78.003333,False,mixed,89.3,critical,vegetation,4.9,24.0,1,3.5
551,38839707,37185,36.376023,-78.212013,True,feasible,0.0,low,clear,3.6,24.0,4,1.5
552,178071298,37185,36.369492,-78.002238,True,feasible,0.0,low,clear,2.6,25.0,3,2.4
553,39715422,37187,35.7645,-76.742497,True,feasible,0.0,low,clear,1.3,19.0,6,1.9
554,39720960,37187,35.790424,-76.597408,True,feasible,0.0,low,clear,0.1,0.0,0,2.1
555,39720356,37187,35.90582,-76.595072,True,feasible,0.0,low,clear,1.0,24.0,0,2.1
556,39654125,37187,35.800399,-76.426365,True,feasible,0.0,low,clear,1.3,30.0,7,1.8
557,39712986,37187,35.89286,-76.729468,False,mixed,90.1,critical,vegetation,1.7,25.0,2,3.6
558,39653824,37187,35.898095,-76.441761,False,mixed,89.3,critical,vegetation,0.4,20.0,2,2.3
559,42086298,37189,36.187369,-81.534006,True,feasible,5.9,low,vegetation,0.2,26.0,2,1.7
560,42317703,37189,36.320425,-81.686766,False,mixed,90.2,critical,vegetation,12.9,20.0,0,2.3
561,42117067,37189,36.271121,-81.544532,False,mixed,86.4,critical,vegetation,13.4,22.0,2,1.7
562,25715779,37189,36.181415,-81.835591,False,mixed,74.4,critical,vegetation,16.1,23.0,3,3.2
563,42330526,37189,36.317946,-81.834057,False,mixed,89.9,critical,vegetation,28.9,22.0,2,2.4
564,42032343,37189,36.183411,-81.684619,False,mixed,43.6,moderate,vegetation,7.6,20.0,3,1.8
565,173725287,37191,35.232396,-77.930865,True,feasible,0.0,low,clear,1.9,15.0,4,3.9
566,71009269,37191,35.229965,-78.173961,True,feasible,0.0,low,clear,1.0,22.0,1,6.7
567,39390428,37191,35.522091,-77.929279,False,mixed,40.8,moderate,vegetation,0.0,19.0,0,1.7
568,194391610,37191,35.487239,-78.117331,False,local_building,58.1,high,building,1.9,15.0,9,1.8
569,38763173,37191,35.373098,-78.153843,True,feasible,0.0,low,clear,0.5,22.0,0,1.9
570,58581173,37191,35.37780266666667,-77.92800166666667,False,mixed,83.9,critical,vegetation,0.5,21.0,17,1.7
571,42252137,37193,36.121258,-80.978931,False,mixed,90.6,critical,vegetation,5.8,23.0,1,5.7
572,42098576,37193,36.110485,-81.431197,False,mixed,88.8,critical,vegetation,1.7,22.0,0,1.6
573,178055952,37193,36.325137,-81.208663,False,mixed,89.8,critical,vegetation,10.8,21.0,0,3.0
574,178859547,37193,36.329739,-80.98259,False,mixed,52.8,high,vegetation,3.1,22.0,4,9.2
575,42343274,37193,36.120143,-81.207206,False,mixed,90.3,critical,vegetation,14.3,31.0,0,3.0
576,42337365,37193,36.292196,-81.410183,False,mixed,90.4,critical,vegetation,15.2,22.0,1,4.4
577,39597522,37195,35.65803,-77.93065,False,local_canopy,0.0,low,clear,2.2,19.0,6,3.8
578,39610381,37195,35.793576,-77.930717,True,feasible,0.0,low,clear,2.9,26.0,8,14.1
579,39535708,37195,35.653007,-77.755927,False,mixed,73.9,critical,vegetation,2.8,21.0,0,2.7
580,39529334,37195,35.766649,-78.091704,True,feasible,0.0,low,clear,3.3,23.0,10,9.9
581,39374324,37195,35.792611,-77.762377,True,feasible,0.0,low,clear,0.3,0.0,0,3.1
582,178881422,37195,35.655477,-78.103158,True,feasible,0.0,low,clear,1.5,21.0,4,1.7
583,178063451,37197,36.106772,-80.658298,False,mixed,76.6,critical,vegetation,4.2,21.0,5,1.8
584,37332173,37197,36.224728,-80.510536,False,mixed,90.2,critical,vegetation,11.3,22.0,8,9.3
585,37305690,37197,36.226819,-80.658231,True,feasible,0.0,low,clear,2.1,24.0,11,1.7
586,177979439,37197,36.22615,-80.806933,True,feasible,0.0,low,clear,5.5,20.0,1,4.9
587,37450102,37197,36.110375,-80.515163,True,feasible,0.0,low,clear,2.8,16.0,2,7.1
588,37339121,37197,36.106596,-80.806167,True,feasible,0.0,low,clear,2.3,20.0,12,7.5
589,190723794,37199,35.805146,-82.218492,False,mixed,90.4,critical,vegetation,18.3,25.0,1,10.3
590,195321476,37199,35.908591,-82.414953,False,mixed,90.8,critical,vegetation,19.3,25.0,0,2.8
591,42517190,37199,36.012869,-82.229576,True,feasible,0.0,low,clear,20.0,25.0,0,6.6
592,109224476,37199,36.016107,-82.409494,False,mixed,90.8,critical,vegetation,33.7,26.0,0,4.1
593,42402077,37199,35.909895,-82.232425,True,feasible,0.0,low,clear,3.5,25.0,9,4.4
594,42402637,37199,35.832969,-82.407752,False,mixed,32.0,moderate,vegetation,5.9,31.0,2,1.7
